Workbook

Sheet PW001
C1: Suivi Opération Pw001
A5: Operation Date | B5: Operation | C5: Serre | D5: Sup | E5: Trage Transport | F5: EQUPE | G5: type operation | H5: Type Ouvrier | I5: Nb Ouvrier | J5: Prix/Ouvrier | K5: Total | L5: prix/trage | M5: Prix Transport | N5: TOTAL
A6: 45761 | B6: RECOLTE | C6: 123 | D6: {=IFERROR(_xlfn.XLOOKUP(C6,Code!A:A,Code!B:B),"")} -> 0.88 | E6: NOUREDDINE | G6: JRS | H6: ouvrier | I6: 8 | J6: 180 | K6: =I6*J6 -> 1440
B7: RECOLTE | C7: 123 | G7: JRS | H7: Caporale | I7: 1 | J7: 180 | K7: =I7*J7 -> 180
B8: RECOLTE | C8: 124 | D8: {=IFERROR(_xlfn.XLOOKUP(C8,Code!A:A,Code!B:B),"")} -> 0.95 | E8: EL YOUSSFI | G8: JRS | H8: ouvrier | I8: 29 | J8: 180 | K8: =I8*J8 -> 5220
B9: RECOLTE | G9: JRS | H9: Caporale | I9: 1 | J9: 180 | K9: =I9*J9 -> 180
B10: RECOLTE | C10: 127 | D10: {=IFERROR(_xlfn.XLOOKUP(C10,Code!A:A,Code!B:B),"")} -> 0.95 | G10: JRS | H10: ouvrier | I10: 24 | J10: 180 | K10: =I10*J10 -> 4320
B11: RECOLTE | G11: JRS | H11: Caporale | I11: 1 | J11: 180 | K11: =I11*J11 -> 180
A12: 45762 | B12: RECOLTE | C12: 123 | D12: {=IFERROR(_xlfn.XLOOKUP(C12,Code!A:A,Code!B:B),"")} -> 0.88 | E12: NOUREDDINE | G12: JRS | H12: ouvrier | I12: 13 | J12: 180 | K12: =I12*J12 -> 2340
B13: RECOLTE | C13: 116 | G13: JRS | H13: Caporale | I13: 1 | J13: 180 | K13: =I13*J13 -> 180
B14: RECOLTE | C14: 124 | D14: {=IFERROR(_xlfn.XLOOKUP(C14,Code!A:A,Code!B:B),"")} -> 0.95 | E14: EL YOUSSFI | G14: JRS | H14: ouvrier | I14: 39 | J14: 180 | K14: =I14*J14 -> 7020
B15: RECOLTE | C15: 124 | G15: JRS | H15: Caporale | I15: 1 | J15: 180 | K15: =I15*J15 -> 180
B16: RECOLTE | C16: 127 | D16: {=IFERROR(_xlfn.XLOOKUP(C16,Code!A:A,Code!B:B),"")} -> 0.95 | G16: JRS | H16: ouvrier | I16: 40 | J16: 180 | K16: =I16*J16 -> 7200
B17: RECOLTE | C17: 127 | G17: JRS | H17: Caporale | I17: 1 | J17: 180 | K17: =I17*J17 -> 180
A18: 46131 | B18: SELECTION | C18: 126 | D18: {=IFERROR(_xlfn.XLOOKUP(C18,Code!A:A,Code!B:B),"")} -> 0.95 | E18: AIT AMIRA | F18: BELAID (HAFIDA) | G18: JRS | H18: ouvrier | I18: 20 | J18: 100 | K18: 2000 | L18: 25 | M18: 525
G19: JRS | H19: Caporale | I19: 1 | J19: 120 | K19: 120 | L19: 25
A20: 46132 | B20: SELECTION | C20: 126 | D20: {=IFERROR(_xlfn.XLOOKUP(C20,Code!A:A,Code!B:B),"")} -> 0.95 | E20: AIT AMIRA | F20: BELAID (HAFIDA) | G20: JRS | H20: Caporale | I20: 1 | J20: 120 | K20: 120 | L20: 25 | M20: 525
G21: JRS | H21: ouvrier | I21: 20 | J21: 100 | K21: 2000 | L21: 25
A22: 46133 | B22: SELECTION | C22: 132 | D22: {=IFERROR(_xlfn.XLOOKUP(C22,Code!A:A,Code!B:B),"")} -> 0.95 | E22: AIT AMIRA | F22: BELAID (HAFIDA) | G22: JRS | H22: ouvrier | I22: 15 | J22: 100 | K22: 1500 | L22: 25 | M22: 375
A23: 46134 | B23: RECOLTE | C23: 129 | D23: {=IFERROR(_xlfn.XLOOKUP(C23,Code!A:A,Code!B:B),"")} -> 0.96 | E23: AIT AMIRA | F23: BELAID (HAFIDA) | G23: JRS | H23: ouvrier | I23: 18 | J23: 100 | K23: 1800 | L23: 25 | M23: 475
G24: JRS | H24: Caporale | I24: 1 | J24: 120 | K24: 120 | L24: 25
B25: SELECTION | C25: 131 | D25: {=IFERROR(_xlfn.XLOOKUP(C25,Code!A:A,Code!B:B),"")} -> 0.96 | F25: BELAID(NEZHA) | G25: JRS | H25: ouvrier | I25: 13 | J25: 100 | K25: 1300 | L25: 25 | M25: 350
G26: JRS | H26: Caporale | I26: 1 | J26: 120 | K26: 120 | L26: 25
A27: 46135 | B27: RECOLTE | C27: 131 | D27: {=IFERROR(_xlfn.XLOOKUP(C27,Code!A:A,Code!B:B),"")} -> 0.96 | F27: BELAID(NEZHA) | G27: JRS | H27: ouvrier | I27: 12 | J27: 100 | K27: 1200 | L27: 25 | M27: 325
G28: JRS | H28: Caporale | I28: 1 | J28: 120 | K28: 120 | L28: 25
B29: RECOLTE | C29: 129 | D29: {=IFERROR(_xlfn.XLOOKUP(C29,Code!A:A,Code!B:B),"")} -> 0.96 | E29: AIT AMIRA | F29: BELAID (HAFIDA) | G29: JRS | H29: ouvrier | I29: 22 | J29: 100 | K29: 2200 | L29: 25 | M29: 550
G30: JRS | H30: Caporale | I30: 1 | J30: 120 | K30: 120 | L30: 25
B31: RECOLTE | C31: 112 | D31: {=IFERROR(_xlfn.XLOOKUP(C31,Code!A:A,Code!B:B),"")} -> 0.96 | F31: BELAID (kamal) | G31: JRS | H31: ouvrier | I31: 16 | J31: 100 | K31: 1600 | L31: 25 | M31: 425
G32: JRS | H32: Caporale | I32: 1 | J32: 120 | K32: 120 | L32: 25
C33: 113 | D33: {=IFERROR(_xlfn.XLOOKUP(C33,Code!A:A,Code!B:B),"")} -> 1.32 | F33: DRISS(SABAH) | G33: JRS | H33: ouvrier | I33: 15
G34: JRS | H34: Caporale | I34: 1
B35: SELECTION | C35: 124 | D35: {=IFERROR(_xlfn.XLOOKUP(C35,Code!A:A,Code!B:B),"")} -> 0.95 | F35: DRISS(milouda) | G35: JRS | H35: ouvrier | I35: 17
G36: JRS | H36: Caporale | I36: 1
B37: SELECTION | C37: 105 | D37: {=IFERROR(_xlfn.XLOOKUP(C37,Code!A:A,Code!B:B),"")} -> 0.95 | F37: BELAID(ABDELGHANI) | G37: JRS | H37: ouvrier | I37: 10 | J37: 100 | K37: 1000 | L37: 25 | M37: 275
G38: JRS | H38: Caporale | I38: 1 | J38: 120 | K38: 120 | L38: 25
A39: 24/42026 | B39: RECOLTE | C39: 126 | D39: {=IFERROR(_xlfn.XLOOKUP(C39,Code!A:A,Code!B:B),"")} -> 0.95 | F39: BELAID (HAFIDA) | G39: JRS | H39: ouvrier | I39: 22 | J39: 100 | K39: 2200 | L39: 25 | M39: 575
G40: JRS | H40: Caporale | I40: 1 | J40: 120 | K40: 120 | L40: 25
B41: RECOLTE | C41: 131 | D41: {=IFERROR(_xlfn.XLOOKUP(C41,Code!A:A,Code!B:B),"")} -> 0.96 | F41: BELAID(NEZHA) | G41: JRS | H41: ouvrier | I41: 11 | J41: 100 | K41: 1100 | L41: 25 | M41: 300
G42: JRS | H42: Caporale | I42: 1 | J42: 120 | K42: 120 | L42: 25
B43: RECOLTE | C43: 127 | D43: {=IFERROR(_xlfn.XLOOKUP(C43,Code!A:A,Code!B:B),"")} -> 0.95 | F43: DRISS(milouda) | G43: JRS | H43: ouvrier | I43: 16
G44: JRS | H44: Caporale | I44: 1
B45: RECOLTE | C45: 113 | D45: {=IFERROR(_xlfn.XLOOKUP(C45,Code!A:A,Code!B:B),"")} -> 1.32 | F45: DRISS(SABAH) | G45: JRS | H45: ouvrier | I45: 15
G46: JRS | H46: Caporale | I46: 1
B47: RECOLTE | C47: 112 | D47: {=IFERROR(_xlfn.XLOOKUP(C47,Code!A:A,Code!B:B),"")} -> 0.96 | F47: BELAID (kamal) | G47: JRS | H47: ouvrier | I47: 12 | J47: 100 | K47: 1200 | L47: 25 | M47: 325
G48: JRS | H48: Caporale | I48: 1 | J48: 120 | K48: 120 | L48: 25
A49: 46137 | B49: RECOLTE | C49: 131 | D49: {=IFERROR(_xlfn.XLOOKUP(C49,Code!A:A,Code!B:B),"")} -> 0.96 | F49: BELAID(NEZHA) | G49: JRS | H49: ouvrier | I49: 14 | J49: 100 | K49: 1400 | L49: 25 | M49: 375
G50: JRS | H50: Caporale | I50: 1 | J50: 120 | K50: 120 | L50: 25
B51: RECOLTE | C51: 112 | D51: {=IFERROR(_xlfn.XLOOKUP(C51,Code!A:A,Code!B:B),"")} -> 0.96 | F51: DRISS(sabah) | G51: JRS | H51: ouvrier | I51: 15
G52: JRS | H52: Caporale | I52: 1
B53: RECOLTE | C53: 117 | D53: {=IFERROR(_xlfn.XLOOKUP(C53,Code!A:A,Code!B:B),"")} -> 1.17 | F53: BELAID (kamal) | G53: JRS | H53: ouvrier | I53: 16 | J53: 100 | K53: 1600 | L53: 25 | M53: 425
G54: JRS | H54: Caporale | I54: 1 | J54: 120 | K54: 120 | L54: 25
B55: RECOLTE | C55: 119 | D55: {=IFERROR(_xlfn.XLOOKUP(C55,Code!A:A,Code!B:B),"")} -> 1.19 | F55: DRISS(milouda) | G55: JRS | H55: ouvrier | I55: 16
G56: JRS | H56: Caporale | I56: 1
B57: RECOLTE | C57: 125 | D57: {=IFERROR(_xlfn.XLOOKUP(C57,Code!A:A,Code!B:B),"")} -> 0.96 | E57: AIT AMIRA | F57: BELAID (HAFIDA) | G57: JRS | H57: ouvrier | I57: 17 | J57: 100 | K57: 1700 | L57: 25 | M57: 450
G58: JRS | H58: Caporale | I58: 1 | J58: 120 | K58: 120 | L58: 25
A59: 46138 | B59: SELECTION | C59: 101 | D59: {=IFERROR(_xlfn.XLOOKUP(C59,Code!A:A,Code!B:B),"")} -> 1.14 | F59: DRISS (hayat) | G59: JRS | H59: ouvrier | I59: 20
G60: JRS | H60: Caporale | I60: 1
B61: RECOLTE | C61: 117 | D61: {=IFERROR(_xlfn.XLOOKUP(C61,Code!A:A,Code!B:B),"")} -> 1.17 | F61: BELAID ( KAMAL) | G61: JRS | H61: ouvrier | I61: 23 | J61: 100 | K61: 2300 | L61: 25 | M61: 600 | N61: 3020
G62: JRS | H62: Caporale | I62: 1 | J62: 120 | K62: 120
B63: RECOLTE | C63: 121 | D63: {=IFERROR(_xlfn.XLOOKUP(C63,Code!A:A,Code!B:B),"")} -> 1.26 | F63: DRISS(fatima) | G63: JRS | H63: ouvrier | I63: 19
G64: JRS | H64: Caporale | I64: 1
B65: RECOLTE | C65: 119 | D65: {=IFERROR(_xlfn.XLOOKUP(C65,Code!A:A,Code!B:B),"")} -> 1.19 | F65: DRISS(milouda) | G65: JRS | H65: ouvrier | I65: 16
G66: JRS | H66: Caporale | I66: 1
B67: RECOLTE | C67: 118 | D67: {=IFERROR(_xlfn.XLOOKUP(C67,Code!A:A,Code!B:B),"")} -> 0.95 | F67: DRISS(sabah) | G67: JRS | H67: ouvrier | I67: 18
G68: JRS | H68: Caporale | I68: 1
B69: RECOLTE | C69: 131 | D69: {=IFERROR(_xlfn.XLOOKUP(C69,Code!A:A,Code!B:B),"")} -> 0.96 | F69: BELAID(NEZHA) | G69: JRS | H69: ouvrier | I69: 11 | J69: 100 | K69: 1100 | L69: 25 | M69: 300 | N69: 1520
G70: JRS | H70: Caporale | I70: 1 | J70: 120 | K70: 120
A71: 46139 | B71: RECOLTE | C71: 126 | D71: {=IFERROR(_xlfn.XLOOKUP(C71,Code!A:A,Code!B:B),"")} -> 0.95 | E71: AIT AMIRA | F71: BELAID (HAFIDA) | G71: JRS | H71: ouvrier | I71: 26 | J71: 100 | K71: 2600 | L71: 25 | M71: 675 | N71: 3395
G72: JRS | H72: Caporale | I72: 1 | J72: 120 | K72: 120 | L72: 25
B73: SELECTION | C73: 133 | D73: {=IFERROR(_xlfn.XLOOKUP(C73,Code!A:A,Code!B:B),"")} -> 0.96 | F73: BELAID(NEZHA) | G73: JRS | H73: ouvrier | I73: 12 | J73: 100 | K73: 1200 | L73: 25 | M73: 325
G74: JRS | H74: Caporale | I74: 1 | J74: 120 | K74: 120 | L74: 25
B75: SELECTION | C75: 102 | D75: {=IFERROR(_xlfn.XLOOKUP(C75,Code!A:A,Code!B:B),"")} -> 1.23 | F75: DRISS (hayat) | G75: JRS | H75: ouvrier | I75: 23
G76: JRS | H76: Caporale | I76: 1
B77: SELECTION | C77: 137 | D77: {=IFERROR(_xlfn.XLOOKUP(C77,Code!A:A,Code!B:B),"")} -> 0.96 | F77: DRISS (hanane) | G77: JRS | H77: ouvrier | I77: 10
G78: JRS | H78: Caporale | I78: 1
B79: RECOLTE | C79: 118 | D79: {=IFERROR(_xlfn.XLOOKUP(C79,Code!A:A,Code!B:B),"")} -> 0.95 | F79: DRISS(sabah) | G79: JRS | H79: ouvrier | I79: 21
G80: JRS
B81: SELECTION | C81: 121 | D81: {=IFERROR(_xlfn.XLOOKUP(C81,Code!A:A,Code!B:B),"")} -> 1.26 | F81: DRISS(fatima) | G81: JRS | H81: ouvrier | I81: 20
G82: JRS | H82: Caporale | I82: 1
B83: RECOLTE | C83: 120 | D83: {=IFERROR(_xlfn.XLOOKUP(C81,Code!A:A,Code!B:B),"")} -> 1.26 | F83: DRISS(milouda) | G83: JRS | H83: ouvrier | I83: 16
G84: JRS | H84: Caporale | I84: 1
B85: RECOLTE | C85: 120 | D85: {=IFERROR(_xlfn.XLOOKUP(C83,Code!A:A,Code!B:B),"")} -> 0.55 | F85: BELAID(kamal) | G85: JRS | H85: ouvrier | I85: 16 | J85: 100 | K85: 1600 | L85: 25 | M85: 510
G86: JRS | H86: Caporale | I86: 1 | J86: 120 | K86: 120
A87: 46140 | B87: RECOLTE | C87: 129 | F87: BELAID (HAFIDA) | G87: JRS | H87: ouvrier | I87: 25 | J87: 100 | K87: 2500 | L87: 25 | M87: 625
B88: SELECTION | C88: 135 | F88: BELAID(NEZHA) | G88: JRS | H88: Caporale | I88: 1 | J88: 120 | K88: 120 | L88: 25 | M88: 300
G89: JRS | H89: ouvrier | I89: 11 | J89: 100 | K89: 1100 | L89: 25
B90: RECOLTE | C90: 124 | F90: BELAID(KAMAL) | G90: JRS | H90: Caporale | I90: 1 | J90: 120 | K90: 120 | L90: 30 | M90: 600
G91: JRS | H91: ouvrier | I91: 19 | J91: 100 | K91: 1900 | L91: 30
B92: RECOLTE | C92: 121 | F92: DRISS(milouda) | G92: JRS | H92: Caporale | I92: 1
G93: JRS | H93: ouvrier | I93: 16
B94: SELECTION | C94: 137 | F94: DRISS (hanane) | G94: JRS | H94: Caporale | I94: 1
G95: JRS | H95: ouvrier | I95: 8
B96: RECOLTE | C96: 115 | F96: DRISS (rachida) | G96: JRS | H96: Caporale | I96: 1
G97: JRS | H97: ouvrier | I97: 22
A98: 46140 | B98: NETTOYAGE | C98: 125 | F98: BELAID(MANSSOURI) | G98: JRS | H98: Caporale | I98: 1 | J98: 120 | K98: 120 | M98: 400
C99: 126 | G99: JRS | H99: ouvrier | I99: 15 | J99: 110 | K99: 1650
C100: 129 | G100: JRS | H100: ouvrier
A101: 46141 | B101: PINCEMENT | C101: 131 | F101: BELAID(MANSSOURI) | G101: JRS | H101: ouvrier | I101: 8 | J101: 150 | K101: 1200 | M101: 400
C102: 132 | G102: JRS | H102: ouvrier | I102: 4 | J102: 195 | K102: 780
C103: 133 | G103: JRS | H103: ouvrier | I103: 2 | J103: 120 | K103: 240
...

Sheet PW002
C1: Suivi Opération Pw002
A6: Operation Date | B6: Operation | C6: Serre | D6: Sup | E6: Trage Transport | F6: Transporteur | G6: type operation | H6: Type Ouvrier | I6: Nb Ouvrier | J6: Prix/Ouvrier | K6: Total | L6: Prix Transport | M6: Transport
A7: 46121 | B7: INSTALATION PALLAIGE | C7: 202 | D7: {=IFERROR(_xlfn.XLOOKUP(C7,Code!A:A,Code!B:B),"")} -> 1.03 | E7: tin farage | F7: tin farage | G7: JRS | H7: ouvrier | I7: 9 | J7: 100 | K7: =I7*J7 -> 900 | L7: 20 | M7: 180
A8: 46122 | B8: INSTALATION PALLAIGE | C8: 204 | D8: {=IFERROR(_xlfn.XLOOKUP(C8,Code!A:A,Code!B:B),"")} -> 0.97 | E8: tin farage | F8: tin farage | H8: ouvrier | I8: 7 | J8: 50 | K8: =I8*J8 -> 350 | L8: 20 | M8: 140
A9: 46126 | B9: NETTOYAGE | C9: 206 | D9: {=IFERROR(_xlfn.XLOOKUP(C9,Code!A:A,Code!B:B),"")} -> 1.02 | E9: AIN QLIAA | F9: AIN QLIAA | G9: JRS | H9: ouvrier | I9: 4 | J9: 110 | K9: =I9*J9 -> 440 | L9: 25 | M9: 100
A10: 46126 | B10: NETTOYAGE | C10: 213 | D10: {=IFERROR(_xlfn.XLOOKUP(C10,Code!A:A,Code!B:B),"")} -> 0.71 | E10: AIN QLIAA | F10: AIN QLIAA | H10: ouvrier | I10: 4 | J10: 105 | K10: =I10*J10 -> 420 | L10: 25 | M10: 100
A11: 46181 | B11: EFFULLAGE | C11: 208 | D11: {=IFERROR(_xlfn.XLOOKUP(C11,Code!A:A,Code!B:B),"")} -> 1.02 | E11: driss (rachida) | G11: JRS | H11: Caporale | I11: 1
C12: 208 | D12: {=IFERROR(_xlfn.XLOOKUP(C12,Code!A:A,Code!B:B),"")} -> 1.02 | H12: ouvrier | I12: 22
A13: 46182 | B13: EFFULLAGE | C13: 209 | D13: {=IFERROR(_xlfn.XLOOKUP(C13,Code!A:A,Code!B:B),"")} -> 1.15 | E13: driss (rachida) | G13: JRS | H13: Caporale | I13: 1
C14: 209 | D14: {=IFERROR(_xlfn.XLOOKUP(C14,Code!A:A,Code!B:B),"")} -> 1.15 | H14: ouvrier | I14: 22
A15: 46183 | B15: EFFULLAGE | C15: 213 | D15: {=IFERROR(_xlfn.XLOOKUP(C15,Code!A:A,Code!B:B),"")} -> 0.71 | E15: driss (rachida) | G15: JRS | H15: Caporale | I15: 1
C16: 217 | D16: {=IFERROR(_xlfn.XLOOKUP(C16,Code!A:A,Code!B:B),"")} -> 0.5 | H16: ouvrier | I16: 20
A17: 46184 | B17: EFFULLAGE | C17: 217 | D17: 1.24 | E17: driss (rachida) | G17: JRS | H17: Caporale | I17: 1
C18: 210 | H18: ouvrier | I18: 22
A19: 46185 | B19: EFFULLAGE | C19: 210 | D19: 1.76 | E19: driss (rachida) | G19: JRS | H19: Caporale | I19: 1
C20: 211 | H20: ouvrier | I20: 24
A21: 46186 | B21: EFFULLAGE | C21: 212 | D21: 3.05 | E21: driss (rachida) | G21: JRS | H21: Caporale | I21: 0
C22: 211 | H22: ouvrier | I22: 19
C23: 214
A24: 46188 | B24: EFFULLAGE | C24: 212 | D24: 1.72 | E24: driss (rachida) | G24: JRS | H24: Caporale | I24: 1
C25: 214 | H25: ouvrier | I25: 23
A27: 46189 | B27: PALISSAGE | C27: 214 | D27: 1.01 | E27: driss (rachida) | G27: JRS | H27: Caporale | I27: 1
H28: ouvrier | I28: 20
A30: 46190 | B30: PALISSAGE | C30: 214 | D30: 1.01 | E30: driss (rachida) | G30: JRS | H30: Caporale | I30: 1
H31: ouvrier | I31: 23
A33: 46191 | B33: PALISSAGE | C33: 214 | D33: 1.97 | E33: driss (rachida) | G33: JRS | H33: Caporale | I33: 1
C34: 215 | H34: ouvrier | I34: 23
A36: 46192 | B36: PALISSAGE | C36: 215 | D36: 0.96 | E36: driss (rachida) | G36: JRS | H36: Caporale | I36: 1
H37: ouvrier | I37: 23
A38: 46193 | B38: PALISSAGE | C38: 201 | D38: 0.96 | E38: driss (rachida) | G38: JRS | H38: Caporale | I38: 1
H39: ouvrier | I39: 20
A40: 46194 | B40: PALISSAGE | C40: 202 | D40: 1.03 | E40: driss (rachida) | G40: JRS | H40: Caporale | I40: 1
H41: ouvrier | I41: 21
A42: 46195 | B42: PALISSAGE | C42: 202 | D42: 2 | E42: driss (rachida) | G42: JRS | H42: Caporale | I42: 1
C43: 204 | H43: ouvrier | I43: 17
A44: 46196 | B44: PALISSAGE | C44: 203 | D44: 1.73 | E44: driss (rachida) | G44: JRS | H44: Caporale | I44: 0
B45: PINCEMENT | C45: 204 | H45: ouvrier | I45: 17
A46: 46197 | B46: PALISSAGE | C46: 205 | D46: 2.74 | E46: driss (rachida) | G46: JRS | H46: Caporale | I46: 1
B47: PINCEMENT | C47: 203 | H47: ouvrier | I47: 21
C48: 204
A49: 46198 | B49: PALISSAGE | C49: 204 | D49: 1.98 | E49: driss (rachida) | G49: JRS | H49: Caporale | I49: 1
B50: PINCEMENT | C50: 205 | H50: ouvrier | I50: 22
A52: 46199 | B52: PALISSAGE | C52: 204 | D52: 3 | E52: driss (rachida) | G52: JRS | H52: Caporale | I52: 1
B53: PINCEMENT | C53: 205 | H53: ouvrier | I53: 22
C54: 206
A55: 46256 | C55: 201 | D55: 0.96 | E55: HADIYA | F55: KHMISS | G55: JRS | H55: Caporale | I55: 1 | J55: 120 | K55: 1320 | L55: 30 | M55: 390
G56: JRS | H56: ouvrier | I56: 12 | J56: 100
A57: 46256 | C57: 202 | D57: 1.03 | E57: NEZHA | F57: AIN QLIAA | G57: JRS | H57: Caporale | I57: 0 | J57: 0 | K57: 1600 | L57: 25 | M57: 400
G58: JRS | H58: ouvrier | I58: 16 | J58: 100
D69: {=IFERROR(_xlfn.XLOOKUP(C69,Code!A:A,Code!B:B),"")}
D70: {=IFERROR(_xlfn.XLOOKUP(C70,Code!A:A,Code!B:B),"")}
D71: {=IFERROR(_xlfn.XLOOKUP(C71,Code!A:A,Code!B:B),"")}
D72: {=IFERROR(_xlfn.XLOOKUP(C72,Code!A:A,Code!B:B),"")}
D73: {=IFERROR(_xlfn.XLOOKUP(C73,Code!A:A,Code!B:B),"")}
D74: {=IFERROR(_xlfn.XLOOKUP(C74,Code!A:A,Code!B:B),"")}
D75: {=IFERROR(_xlfn.XLOOKUP(C75,Code!A:A,Code!B:B),"")}
D76: {=IFERROR(_xlfn.XLOOKUP(C76,Code!A:A,Code!B:B),"")}
D77: {=IFERROR(_xlfn.XLOOKUP(C77,Code!A:A,Code!B:B),"")}
D78: {=IFERROR(_xlfn.XLOOKUP(C78,Code!A:A,Code!B:B),"")}
D79: {=IFERROR(_xlfn.XLOOKUP(C79,Code!A:A,Code!B:B),"")}
D80: {=IFERROR(_xlfn.XLOOKUP(C80,Code!A:A,Code!B:B),"")}
... D290: {=IFERROR(_xlfn.XLOOKUP(C290,Code!A:A,Code!B:B),"")}

Sheet PW003
C1: Suivi Opération par Ha Pw003
A6: Operation Date | B6: Operation | C6: Serre | D6: Sup | E6: Trage Transport | F6: EQUIPE | G6: type operation | H6: Type Ouvrier | I6: Nb Ouvrier | J6: Prix/Ouvrier | K6: Total | L6: prix/trage | M6: Prix Transport
A7: 46165 | B7: RECOLTE | C7: 326 | D7: 0.63 | E7: AIN QLIAA | F7: DRISS (HABIBA) | G7: JRS | H7: Caporale | I7: 1
G8: JRS | H8: ouvrier | I8: 17
A9: 46166 | B9: RECOLTE | C9: 324 | D9: {=IFERROR(_xlfn.XLOOKUP(C9,Code!A:A,Code!B:B),"")} -> 0.87 | E9: AIN QLIAA | F9: DRISS (HABIBA) | G9: JRS | H9: Caporale | I9: 1
G10: JRS | H10: ouvrier | I10: 20
A11: 46167 | B11: RECOLTE | C11: 328 | D11: {=IFERROR(_xlfn.XLOOKUP(C11,Code!A:A,Code!B:B),"")} -> 0.87 | E11: AIN QLIAA | F11: DRISS (HABIBA) | G11: JRS | H11: Caporale | I11: 1
G12: JRS | H12: ouvrier | I12: 22
A13: 46174 | B13: RECOLTE | C13: 322 | D13: {=IFERROR(_xlfn.XLOOKUP(C13,Code!A:A,Code!B:B),"")} -> 1 | E13: AIN QLIAA | F13: DRISS (HABIBA) | G13: JRS | H13: Caporale | I13: 1
G14: JRS | H14: ouvrier | I14: 12
A15: 46175 | B15: RECOLTE | C15: 323 | D15: {=IFERROR(_xlfn.XLOOKUP(C15,Code!A:A,Code!B:B),"")} -> 1.13 | E15: AIN QLIAA | F15: DRISS (HABIBA) | G15: JRS | H15: Caporale | I15: 1
G16: JRS | H16: ouvrier | I16: 16
A17: 46176 | B17: RECOLTE | C17: 324 | D17: {=IFERROR(_xlfn.XLOOKUP(C17,Code!A:A,Code!B:B),"")} -> 0.87 | E17: AIN QLIAA | F17: DRISS (SOUMAYA) | G17: JRS | H17: Caporale | I17: 1
G18: JRS | H18: ouvrier | I18: 11
A19: 46177 | B19: RECOLTE | C19: 325 | D19: {=IFERROR(_xlfn.XLOOKUP(C19,Code!A:A,Code!B:B),"")} -> 0.85 | E19: AIN QLIAA | F19: DRISS (SOUMAYA) | G19: JRS | H19: Caporale | I19: 1
G20: JRS | H20: ouvrier | I20: 14
A21: 46177 | B21: PALISSAGE | C21: 314 | D21: {=IFERROR(_xlfn.XLOOKUP(C21,Code!A:A,Code!B:B),"")} -> 1.13 | E21: AIN QLIAA | F21: DRISS (KARIM) | G21: JRS | H21: Caporale | I21: 1
G22: JRS | H22: ouvrier | I22: 5
A23: 46178 | B23: RECOLTE | C23: 325 | D23: {=IFERROR(_xlfn.XLOOKUP(C23,Code!A:A,Code!B:B),"")} -> 0.85 | E23: AIN QLIAA | F23: DRISS (SOUMAYA) | G23: JRS | H23: Caporale | I23: 1
C24: 326 | D24: {=IFERROR(_xlfn.XLOOKUP(C24,Code!A:A,Code!B:B),"")} -> 0.63 | G24: JRS | H24: ouvrier | I24: 16
A25: 46178 | B25: PALISSAGE | C25: 314 | D25: {=IFERROR(_xlfn.XLOOKUP(C25,Code!A:A,Code!B:B),"")} -> 1.13 | E25: AIN QLIAA | F25: DRISS (KARIM) | G25: JRS | H25: Caporale | I25: 1
G26: JRS | H26: ouvrier | I26: 8
A27: 46178 | B27: PALISSAGE | C27: 314 | D27: {=IFERROR(_xlfn.XLOOKUP(C27,Code!A:A,Code!B:B),"")} -> 1.13 | E27: AIN QLIAA | F27: DRISS (AZIZA) | G27: JRS | H27: Caporale | I27: 1
G28: JRS | H28: ouvrier | I28: 13
A29: 46179 | B29: RECOLTE | C29: 328 | D29: {=IFERROR(_xlfn.XLOOKUP(C29,Code!A:A,Code!B:B),"")} -> 0.87 | E29: AIN QLIAA | F29: DRISS (SOUMAYA) | G29: JRS | H29: Caporale | I29: 1
G30: JRS | H30: ouvrier | I30: 20
A31: 46179 | B31: PALISSAGE | C31: 314 | D31: {=IFERROR(_xlfn.XLOOKUP(C31,Code!A:A,Code!B:B),"")} -> 1.13 | E31: AIN QLIAA | F31: DRISS (KARIM) | G31: JRS | H31: Caporale | I31: 1
G32: JRS | H32: ouvrier | I32: 10
A33: 46181 | B33: RECOLTE | C33: 327 | D33: {=IFERROR(_xlfn.XLOOKUP(C33,Code!A:A,Code!B:B),"")} -> 0.76 | E33: AIN QLIAA | F33: DRISS (SOUMAYA) | G33: JRS | H33: Caporale | I33: 1
B34: RECOLTE | C34: 301 | D34: {=IFERROR(_xlfn.XLOOKUP(C34,Code!A:A,Code!B:B),"")} -> 0.81 | G34: JRS | H34: ouvrier | I34: 16
A35: 46181 | B35: PALISSAGE | C35: 309 | D35: {=IFERROR(_xlfn.XLOOKUP(C35,Code!A:A,Code!B:B),"")} -> 0.75 | E35: AIN QLIAA | F35: DRISS (KARIM) | G35: JRS | H35: Caporale | I35: 1
G36: JRS | H36: ouvrier | I36: 13
A37: 46181 | B37: PALISSAGE | C37: 309 | D37: {=IFERROR(_xlfn.XLOOKUP(C37,Code!A:A,Code!B:B),"")} -> 0.75 | E37: AIN QLIAA | F37: BELAID (HAFIDA) | G37: JRS | H37: Caporale | I37: 1
G38: JRS | H38: ouvrier | I38: 12
A39: 46182 | B39: RECOLTE | C39: 321 | D39: {=IFERROR(_xlfn.XLOOKUP(C39,Code!A:A,Code!B:B),"")} -> 0.97 | E39: AIN QLIAA | F39: DRISS (SOUMAYA) | G39: JRS | H39: Caporale | I39: 1
C40: 322 | D40: {=IFERROR(_xlfn.XLOOKUP(C40,Code!A:A,Code!B:B),"")} -> 1 | G40: JRS | H40: ouvrier | I40: 17
A41: 46182 | B41: RECOLTE | C41: 306 | D41: {=IFERROR(_xlfn.XLOOKUP(C41,Code!A:A,Code!B:B),"")} -> 0.95 | E41: AIN QLIAA | F41: DRISS (KARIM) | G41: JRS | H41: Caporale | I41: 1
G42: JRS | H42: ouvrier | I42: 8
A43: 46182 | B43: PALISSAGE | C43: 323 | D43: {=IFERROR(_xlfn.XLOOKUP(C43,Code!A:A,Code!B:B),"")} -> 1.13 | E43: AIN QLIAA | F43: BELAID (BOUCHRA) | G43: JRS | H43: Caporale | I43: 1
G44: JRS | H44: ouvrier | I44: 15
A45: 46182 | B45: RECOLTE | C45: 306 | D45: {=IFERROR(_xlfn.XLOOKUP(C45,Code!A:A,Code!B:B),"")} -> 0.95 | E45: AIN QLIAA | F45: BELAID (HAFIDA) | G45: JRS | H45: Caporale | I45: 1
G46: JRS | H46: ouvrier | I46: 11
A47: 46183 | B47: RECOLTE | C47: 322 | D47: {=IFERROR(_xlfn.XLOOKUP(C47,Code!A:A,Code!B:B),"")} -> 1 | E47: AIN QLIAA | F47: DRISS (SOUMAYA) | G47: JRS | H47: Caporale | I47: 1
C48: 323 | D48: {=IFERROR(_xlfn.XLOOKUP(C48,Code!A:A,Code!B:B),"")} -> 1.13 | G48: JRS | H48: ouvrier | I48: 27
A49: 46183 | B49: RECOLTE | C49: 306 | D49: {=IFERROR(_xlfn.XLOOKUP(C49,Code!A:A,Code!B:B),"")} -> 0.95 | E49: AIN QLIAA | F49: DRISS (KARIM) | G49: JRS | H49: Caporale | I49: 1
G50: JRS | H50: ouvrier | I50: 17
A51: 46183 | B51: PALISSAGE | C51: 323 | D51: {=IFERROR(_xlfn.XLOOKUP(C51,Code!A:A,Code!B:B),"")} -> 1.13 | E51: AIN QLIAA | F51: BELAID (BOUCHRA) | G51: JRS | H51: Caporale | I51: 1
C52: 324 | D52: {=IFERROR(_xlfn.XLOOKUP(C52,Code!A:A,Code!B:B),"")} -> 0.87 | G52: JRS | H52: ouvrier | I52: 19
A53: 46183 | B53: RECOLTE | C53: 306 | D53: {=IFERROR(_xlfn.XLOOKUP(C53,Code!A:A,Code!B:B),"")} -> 0.95 | E53: AIN QLIAA | F53: BELAID (HAFIDA) | G53: JRS | H53: Caporale | I53: 1
G54: JRS | H54: ouvrier | I54: 17
A55: 46184 | B55: RECOLTE | C55: 323 | D55: {=IFERROR(_xlfn.XLOOKUP(C55,Code!A:A,Code!B:B),"")} -> 1.13 | E55: AIN QLIAA | F55: DRISS (SOUMAYA) | G55: JRS | H55: Caporale | I55: 1
G56: JRS | H56: ouvrier | I56: 19
A57: 46184 | B57: RECOLTE | C57: 307 | D57: {=IFERROR(_xlfn.XLOOKUP(C57,Code!A:A,Code!B:B),"")} -> 1 | E57: AIN QLIAA | F57: DRISS (KARIM) | G57: JRS | H57: Caporale | I57: 1
G58: JRS | H58: ouvrier | I58: 20
A59: 46184 | B59: RECOLTE | C59: 307 | D59: {=IFERROR(_xlfn.XLOOKUP(C59,Code!A:A,Code!B:B),"")} -> 1 | E59: AIN QLIAA | F59: BELAID (HAFIDA) | G59: JRS | H59: Caporale | I59: 1
G60: JRS | H60: ouvrier | I60: 16
A61: 46185 | B61: RECOLTE | C61: 323 | D61: {=IFERROR(_xlfn.XLOOKUP(C61,Code!A:A,Code!B:B),"")} -> 1.13 | E61: AIN QLIAA | F61: DRISS (SOUMAYA) | G61: JRS | H61: Caporale | I61: 1
G62: JRS | H62: ouvrier | I62: 20
A63: 46185 | B63: PALISSAGE | C63: 314 | D63: {=IFERROR(_xlfn.XLOOKUP(C63,Code!A:A,Code!B:B),"")} -> 1.13 | E63: AIN QLIAA | F63: DRISS (KARIM) | G63: JRS | H63: Caporale | I63: 1
G64: JRS | H64: ouvrier | I64: 15
A65: 46185 | B65: RECOLTE | C65: 302 | D65: {=IFERROR(_xlfn.XLOOKUP(C65,Code!A:A,Code!B:B),"")} -> 0.79 | E65: AIN QLIAA | F65: BELAID (HAFIDA) | G65: JRS | H65: Caporale | I65: 1
G66: JRS | H66: ouvrier | I66: 17
A67: 46185 | B67: RECOLTE | C67: 317 | D67: {=IFERROR(_xlfn.XLOOKUP(C67,Code!A:A,Code!B:B),"")} -> 1.14 | E67: AIN QLIAA | F67: BELAID (KAMAL) | G67: JRS | H67: Caporale | I67: 1
G68: JRS | H68: ouvrier | I68: 18
A69: 46186 | B69: PALISSAGE | C69: 306 | D69: {=IFERROR(_xlfn.XLOOKUP(C69,Code!A:A,Code!B:B),"")} -> 0.95 | E69: AIN QLIAA | F69: DRISS (KARIM) | G69: JRS | H69: Caporale | I69: 1
G70: JRS | H70: ouvrier | I70: 16
A71: 46186 | B71: RECOLTE | C71: 324 | D71: {=IFERROR(_xlfn.XLOOKUP(C67,Code!A:A,Code!B:B),"")} -> 1.14 | E71: AIN QLIAA | F71: DRISS (SOUMAYA) | G71: JRS | H71: Caporale | I71: 1
D72: {=IFERROR(_xlfn.XLOOKUP(C67,Code!A:A,Code!B:B),"")} -> 1.14 | G72: JRS | H72: ouvrier | I72: 20
A73: 46186 | B73: RECOLTE | C73: 302 | D73: {=IFERROR(_xlfn.XLOOKUP(C73,Code!A:A,Code!B:B),"")} -> 0.79 | E73: AIN QLIAA | F73: BELAID (HAFIDA) | G73: JRS | H73: Caporale | I73: 1
G74: JRS | H74: ouvrier | I74: 18
A75: 46186 | B75: RECOLTE | C75: 317 | D75: {=IFERROR(_xlfn.XLOOKUP(C75,Code!A:A,Code!B:B),"")} -> 1.14 | E75: AIN QLIAA | F75: BELAID (KAMAL) | G75: JRS | H75: Caporale | I75: 1
G76: JRS | H76: ouvrier | I76: 17
A77: 46188 | B77: RECOLTE | C77: 325 | D77: {=IFERROR(_xlfn.XLOOKUP(C77,Code!A:A,Code!B:B),"")} -> 0.85 | E77: AIN QLIAA | F77: DRISS (SOUMAYA) | G77: JRS | H77: Caporale | I77: 1
C78: 327 | D78: {=IFERROR(_xlfn.XLOOKUP(C78,Code!A:A,Code!B:B),"")} -> 0.76 | G78: JRS | H78: ouvrier | I78: 19
A79: 46188 | B79: PALISSAGE | C79: 306 | D79: {=IFERROR(_xlfn.XLOOKUP(C79,Code!A:A,Code!B:B),"")} -> 0.95 | E79: AIN QLIAA | F79: DRISS (KARIM) | G79: JRS | H79: Caporale | I79: 1
G80: JRS | H80: ouvrier | I80: 20
A81: 46188 | B81: PALISSAGE | C81: 302 | D81: {=IFERROR(_xlfn.XLOOKUP(C81,Code!A:A,Code!B:B),"")} -> 0.79 | E81: AIN QLIAA | F81: BELAID (HAFIDA) | G81: JRS | H81: Caporale | I81: 1
G82: JRS | H82: ouvrier | I82: 19
A83: 46188 | B83: RECOLTE | C83: 317 | D83: {=IFERROR(_xlfn.XLOOKUP(C83,Code!A:A,Code!B:B),"")} -> 1.14 | E83: AIN QLIAA | F83: BELAID (KAMAL) | G83: JRS | H83: Caporale | I83: 1
G84: JRS | H84: ouvrier | I84: 21
A85: 46188 | B85: RECOLTE | C85: 319 | D85: {=IFERROR(_xlfn.XLOOKUP(C85,Code!A:A,Code!B:B),"")} -> 0.8 | E85: AIN QLIAA | F85: BELAID (HADIA) | G85: JRS | H85: Caporale | I85: 1
G86: JRS | H86: ouvrier | I86: 18
A87: 46189 | B87: RECOLTE | C87: 327 | D87: {=IFERROR(_xlfn.XLOOKUP(C87,Code!A:A,Code!B:B),"")} -> 0.76 | E87: AIN QLIAA | F87: DRISS (SOUMAYA) | G87: JRS | H87: Caporale | I87: 1
C88: 328 | D88: {=IFERROR(_xlfn.XLOOKUP(C88,Code!A:A,Code!B:B),"")} -> 0.87 | G88: JRS | H88: ouvrier | I88: 20
A89: 46189 | B89: PALISSAGE | C89: 307 | D89: {=IFERROR(_xlfn.XLOOKUP(C89,Code!A:A,Code!B:B),"")} -> 1 | E89: AIN QLIAA | F89: DRISS (KARIM) | G89: JRS | H89: Caporale | I89: 1
G90: JRS | H90: ouvrier | I90: 16
A91: 46189 | B91: PALISSAGE | C91: 304 | D91: {=IFERROR(_xlfn.XLOOKUP(C91,Code!A:A,Code!B:B),"")} -> 0.71 | E91: AIN QLIAA | F91: BELAID (HAFIDA) | G91: JRS | H91: Caporale | I91: 1
G92: JRS | H92: ouvrier | I92: 18
A93: 46189 | B93: RECOLTE | C93: 317 | D93: {=IFERROR(_xlfn.XLOOKUP(C93,Code!A:A,Code!B:B),"")} -> 1.14 | E93: AIN QLIAA | F93: BELAID (HADIA) | G93: JRS | H93: Caporale | I93: 1
C94: 319 | G94: JRS | H94: ouvrier | I94: 15
A95: 46190 | B95: RECOLTE | C95: 321 | D95: {=IFERROR(_xlfn.XLOOKUP(C95,Code!A:A,Code!B:B),"")} -> 0.97 | E95: AIN QLIAA | F95: DRISS (SOUMAYA) | G95: JRS | H95: Caporale | I95: 1
C96: 328 | D96: {=IFERROR(_xlfn.XLOOKUP(C96,Code!A:A,Code!B:B),"")} -> 0.87 | G96: JRS | H96: ouvrier | I96: 20
A97: 46190 | B97: RECOLTE | C97: 316 | D97: {=IFERROR(_xlfn.XLOOKUP(C97,Code!A:A,Code!B:B),"")} -> 1.11 | E97: AIN QLIAA | F97: DRISS (KARIM) | G97: JRS | H97: Caporale | I97: 1
G98: JRS | H98: ouvrier | I98: 16
A99: 46190 | B99: PALISSAGE | C99: 312 | D99: {=IFERROR(_xlfn.XLOOKUP(C99,Code!A:A,Code!B:B),"")} -> 1.27 | E99: AIN QLIAA | F99: BELAID (HAFIDA) | G99: JRS | H99: Caporale | I99: 0
G100: JRS | H100: ouvrier | I100: 18
A101: 46190 | B101: RECOLTE | C101: 320 | D101: {=IFERROR(_xlfn.XLOOKUP(C101,Code!A:A,Code!B:B),"")} -> 0.64 | E101: AIN QLIAA | F101: BELAID (HADIA) | G101: JRS | H101: Caporale | I101: 1
G102: JRS | H102: ouvrier | I102: 15
A103: 46191 | B103: RECOLTE | C103: 322 | D103: {=IFERROR(_xlfn.XLOOKUP(C103,Code!A:A,Code!B:B),"")} -> 1 | E103: AIN QLIAA | F103: DRISS (SOUMAYA) | G103: JRS | H103: Caporale | I103: 1
C104: 323 | D104: {=IFERROR(_xlfn.XLOOKUP(C104,Code!A:A,Code!B:B),"")} -> 1.13 | G104: JRS | H104: ouvrier | I104: 20
...

Sheet PW004
C1: Suivi Opération Pw004
A6: Operation Date | B6: Operation | C6: Serre | D6: Sup | E6: Trage Transport | F6: Transporteur | G6: type operation | H6: Type Ouvrier | I6: Nb Ouvrier | J6: Prix/Ouvrier | K6: Total | L6: Prix Transport | M6: Transport | N6: Totale Général
A7: 46137 | B7: RECOLTE | C7: 406 | D7: {=IFERROR(_xlfn.XLOOKUP(C7,Code!A:A,Code!B:B),"")} -> 1.1 | E7: AIN QLIAA | F7: EQUIPE HAYAT (DRISS) | G7: JRS | H7: Caporale | I7: 1
H8: ouvrier | I8: 20
A9: 46142 | B9: RECOLTE | C9: 403 | D9: {=IFERROR(_xlfn.XLOOKUP(C9,Code!A:A,Code!B:B),"")} -> 0.67 | E9: AIN QLIAA | F9: EQUIPE FATIHA (DRISS) | G9: JRS | H9: Caporale | I9: 1
H10: ouvrier | I10: 19
A11: 46143 | B11: RECOLTE | C11: 403 | D11: {=IFERROR(_xlfn.XLOOKUP(C11,Code!A:A,Code!B:B),"")} -> 0.67 | E11: AIN QLIAA | F11: EQUIPE FATIHA (DRISS) | G11: JRS | H11: Caporale | I11: 1
C12: 404 | H12: ouvrier | I12: 37
B13: RECOLTE | C13: 405 | D13: {=IFERROR(_xlfn.XLOOKUP(C13,Code!A:A,Code!B:B),"")} -> 1.23 | E13: AIN QLIAA | F13: EQUIPE HALIMA (DRISS) | G13: JRS | H13: Caporale | I13: 1
H14: ouvrier | I14: 15
B15: RECOLTE | C15: 406 | D15: {=IFERROR(_xlfn.XLOOKUP(C15,Code!A:A,Code!B:B),"")} -> 1.1 | E15: AIN QLIAA | F15: EQUIPE BILAL (BELAID) | G15: JRS | H15: Caporale | I15: 1 | J15: 120 | K15: 2020 | L15: 30 | M15: 600 | N15: =SUM(K15+M15) -> 2620
H16: ouvrier | I16: 19 | J16: 100
B17: RECOLTE | C17: 418 | D17: {=IFERROR(_xlfn.XLOOKUP(C17,Code!A:A,Code!B:B),"")} -> 1.32 | E17: AIN QLIAA | F17: EQUIPE MAJID(DRISS) | G17: JRS | H17: Caporale | I17: 1
H18: ouvrier | I18: 13
B19: CHARGE/DECHARGE | H19: ouvrier | I19: 1
A20: 46144 | B20: RECOLTE | C20: 404 | D20: {=IFERROR(_xlfn.XLOOKUP(C20,Code!A:A,Code!B:B),"")} -> 0.67 | E20: AIN QLIAA | F20: EQUIPE HANANE (DRISS) | G20: JRS | H20: Caporale | I20: 1
H21: ouvrier | I21: 25
B22: RECOLTE | C22: 406 | D22: {=IFERROR(_xlfn.XLOOKUP(C22,Code!A:A,Code!B:B),"")} -> 1.1 | E22: AIN QLIAA | F22: EQUIPE YASSINE (DRISS) | G22: JRS | H22: Caporale | I22: 1
H23: ouvrier | I23: 11
B24: RECOLTE | C24: 418 | D24: {=IFERROR(_xlfn.XLOOKUP(C24,Code!A:A,Code!B:B),"")} -> 1.32 | E24: AIN QLIAA | F24: EQUIPE MAJID(DRISS) | G24: JRS | H24: Caporale | I24: 1
H25: ouvrier | I25: 18
B26: CHARGE/DECHARGE | H26: ouvrier | I26: 2
A27: 46146 | B27: RECOLTE | C27: 418 | D27: {=IFERROR(_xlfn.XLOOKUP(C27,Code!A:A,Code!B:B),"")} -> 1.32 | E27: AIN QLIAA | F27: EQUIPE MAJID(DRISS) | G27: JRS | H27: Caporale | I27: 1
H28: ouvrier | I28: 17
B29: CHARGE/DECHARGE | H29: ouvrier | I29: 2
B30: RECOLTE | C30: 406 | D30: {=IFERROR(_xlfn.XLOOKUP(C30,Code!A:A,Code!B:B),"")} -> 1.1 | E30: AIN QLIAA | F30: EQUIPE BILAL (BELAID) | G30: JRS | H30: Caporale | I30: 1 | J30: 120 | K30: 1420 | L30: 30 | M30: 420 | N30: =SUM(K30+M30) -> 1840
H31: ouvrier | I31: 12 | J31: 100
B32: CHARGE/DECHARGE | H32: ouvrier | I32: 1 | J32: 100
A33: 46147 | B33: RECOLTE | C33: 422 | D33: {=IFERROR(_xlfn.XLOOKUP(C33,Code!A:A,Code!B:B),"")} -> 1.24 | E33: AIN QLIAA | F33: EQUIPE MAJID(DRISS) | G33: JRS | H33: Caporale | I33: 1
H34: ouvrier | I34: 19
B35: CHARGE/DECHARGE | H35: ouvrier | I35: 2
B36: RECOLTE | C36: 406 | D36: {=IFERROR(_xlfn.XLOOKUP(C36,Code!A:A,Code!B:B),"")} -> 1.1 | E36: AIN QLIAA | F36: EQUIPE BILAL (BELAID) | G36: JRS | H36: Caporale | I36: 1 | J36: 120 | K36: 1120 | L36: 30 | M36: 330 | N36: =SUM(K36+M36) -> 1450
H37: ouvrier | I37: 9 | J37: 100
B38: CHARGE/DECHARGE | H38: ouvrier | I38: 1 | J38: 100
B39: RECOLTE | C39: 420 | D39: {=IFERROR(_xlfn.XLOOKUP(C39,Code!A:A,Code!B:B),"")} -> 1.41 | E39: AIN QLIAA | F39: EQUIPE YASSINE (DRISS) | G39: JRS | H39: Caporale | I39: 1
H40: ouvrier | I40: 15
B41: CHARGE/DECHARGE | H41: ouvrier | I41: 1
B42: RECOLTE | C42: 409 | D42: {=IFERROR(_xlfn.XLOOKUP(C42,Code!A:A,Code!B:B),"")} -> 1 | E42: AIN QLIAA | F42: EQUIPE KAMAL (BELAID) | G42: JRS | H42: Caporale | I42: 1 | J42: 120 | K42: 2220 | L42: 30 | M42: 660 | N42: =SUM(K42+M42) -> 2880
H43: ouvrier | I43: 20 | J43: 100
B44: CHARGE/DECHARGE | H44: ouvrier | I44: 1 | J44: 100
B45: RECOLTE | C45: 408 | D45: {=IFERROR(_xlfn.XLOOKUP(C45,Code!A:A,Code!B:B),"")} -> 1.06 | E45: AIT AMIRA | F45: EQUIPE SAID(BELAID) | G45: JRS | H45: Caporale | I45: 1 | J45: 120 | K45: 1320 | L45: 25 | M45: 325 | N45: =SUM(K45+M45) -> 1645
H46: ouvrier | I46: 11 | J46: 100
B47: CHARGE/DECHARGE | H47: ouvrier | I47: 1 | J47: 100
A48: 46148 | B48: RECOLTE | C48: 422 | D48: {=IFERROR(_xlfn.XLOOKUP(C48,Code!A:A,Code!B:B),"")} -> 1.24 | E48: AIN QLIAA | F48: EQUIPE MAJID(DRISS) | G48: JRS | H48: Caporale | I48: 1
H49: ouvrier | I49: 18
B50: CHARGE/DECHARGE | H50: ouvrier | I50: 2
B51: RECOLTE | C51: 407 | D51: {=IFERROR(_xlfn.XLOOKUP(C51,Code!A:A,Code!B:B),"")} -> 0.72 | E51: AIN QLIAA | F51: EQUIPE BILAL (BELAID) | G51: JRS | H51: Caporale | I51: 1 | J51: 120 | K51: 1320 | L51: 30 | M51: 390 | N51: =SUM(K51+M51) -> 1710
H52: ouvrier | I52: 11 | J52: 100
B53: CHARGE/DECHARGE | H53: ouvrier | I53: 1 | J53: 100
B54: RECOLTE | C54: 423 | D54: {=IFERROR(_xlfn.XLOOKUP(C54,Code!A:A,Code!B:B),"")} -> 1.03 | E54: AIN QLIAA | F54: EQUIPE YASSINE (DRISS) | G54: JRS | H54: Caporale | I54: 1
H55: ouvrier | I55: 14
B56: CHARGE/DECHARGE | H56: ouvrier | I56: 1
B57: RECOLTE | C57: 401 | D57: {=IFERROR(_xlfn.XLOOKUP(C57,Code!A:A,Code!B:B),"")} -> 0.83 | E57: AIN QLIAA | F57: EQUIPE KAMAL (BELAID) | G57: JRS | H57: Caporale | I57: 1 | J57: 120 | K57: 2020 | L57: 30 | M57: 600 | N57: =SUM(M57+K57) -> 2620
H58: ouvrier | I58: 17 | J58: 100
B59: CHARGE/DECHARGE | H59: ouvrier | I59: 2 | J59: 100
B60: RECOLTE | C60: 408 | D60: {=IFERROR(_xlfn.XLOOKUP(C60,Code!A:A,Code!B:B),"")} -> 1.06 | E60: AIT AMIRA | F60: EQUIPE SAID(BELAID) | G60: JRS | H60: Caporale | I60: 1 | J60: 120 | K60: 1720 | L60: 25 | M60: 425 | N60: =SUM(M60+K60) -> 2145
H61: ouvrier | I61: 15 | J61: 100
B62: CHARGE/DECHARGE | H62: ouvrier | I62: 1 | J62: 100
A63: 46149 | B63: RECOLTE | C63: 422 | D63: {=IFERROR(_xlfn.XLOOKUP(C63,Code!A:A,Code!B:B),"")} -> 1.24 | E63: AIN QLIAA | F63: EQUIPE MAJID(DRISS) | G63: JRS | H63: Caporale | I63: 1
H64: ouvrier | I64: 22
B65: CHARGE/DECHARGE | H65: ouvrier | I65: 2
B66: RECOLTE | C66: 407 | D66: {=IFERROR(_xlfn.XLOOKUP(C66,Code!A:A,Code!B:B),"")} -> 0.72 | E66: AIN QLIAA | F66: EQUIPE BILAL (BELAID) | G66: JRS | H66: Caporale | I66: 1 | J66: 120 | K66: 1720 | L66: 30 | M66: 510 | N66: =SUM(M66+K66) -> 2230
H67: ouvrier | I67: 15 | J67: 100
B68: CHARGE/DECHARGE | H68: ouvrier | I68: 1 | J68: 100
B69: RECOLTE | C69: 423 | D69: {=IFERROR(_xlfn.XLOOKUP(C69,Code!A:A,Code!B:B),"")} -> 1.03 | E69: AIN QLIAA | F69: EQUIPE YASSINE (DRISS) | G69: JRS | H69: Caporale | I69: 1
H70: ouvrier | I70: 13
B71: CHARGE/DECHARGE | H71: ouvrier | I71: 1
B72: RECOLTE | C72: 401 | D72: {=IFERROR(_xlfn.XLOOKUP(C72,Code!A:A,Code!B:B),"")} -> 0.83 | E72: AIN QLIAA | F72: EQUIPE KAMAL (BELAID) | G72: JRS | H72: Caporale | I72: 1 | J72: 120 | K72: 2120 | L72: 30 | M72: 630 | N72: =SUM(M72+K72) -> 2750
H73: ouvrier | I73: 18 | J73: 100
B74: CHARGE/DECHARGE | H74: ouvrier | I74: 2 | J74: 100
B75: RECOLTE | C75: 408 | D75: {=IFERROR(_xlfn.XLOOKUP(C75,Code!A:A,Code!B:B),"")} -> 1.06 | E75: AIT AMIRA | F75: EQUIPE SAID(BELAID) | G75: JRS | H75: Caporale | I75: 1 | J75: 120 | K75: 1120 | L75: 25 | M75: 275 | N75: =SUM(K75+M75) -> 1395
H76: ouvrier | I76: 9 | J76: 100
B77: CHARGE/DECHARGE | H77: ouvrier | I77: 1 | J77: 100
A78: 46150 | B78: RECOLTE | C78: 424 | D78: {=IFERROR(_xlfn.XLOOKUP(C78,Code!A:A,Code!B:B),"")} -> 0.93 | E78: AIN QLIAA | F78: EQUIPE MAJID(DRISS) | G78: JRS | H78: Caporale | I78: 1
H79: ouvrier | I79: 19
B80: CHARGE/DECHARGE | H80: ouvrier | I80: 2
B81: RECOLTE | C81: 407 | D81: {=IFERROR(_xlfn.XLOOKUP(C81,Code!A:A,Code!B:B),"")} -> 0.72 | E81: AIN QLIAA | F81: EQUIPE BILAL (BELAID) | G81: JRS | H81: Caporale | I81: 1 | J81: 120 | K81: 2320 | L81: 30 | M81: 690 | N81: =SUM(M81+K81) -> 3010
C82: 410 | H82: ouvrier | I82: 21 | J82: 100
B83: CHARGE/DECHARGE | H83: ouvrier | I83: 1 | J83: 100
B84: RECOLTE | C84: 423 | D84: {=IFERROR(_xlfn.XLOOKUP(C84,Code!A:A,Code!B:B),"")} -> 1.03 | E84: AIN QLIAA | F84: EQUIPE YASSINE (DRISS) | G84: JRS | H84: Caporale | I84: 1
H85: ouvrier | I85: 11
B86: CHARGE/DECHARGE | H86: ouvrier | I86: 1
B87: RECOLTE | C87: 403 | D87: {=IFERROR(_xlfn.XLOOKUP(C87,Code!A:A,Code!B:B),"")} -> 0.67 | E87: AIN QLIAA | F87: EQUIPE KAMAL (BELAID) | G87: JRS | H87: Caporale | I87: 1 | J87: 120 | K87: 2120 | L87: 30 | M87: 630 | N87: =SUM(M87+K87) -> 2750
C88: 404 | H88: ouvrier | I88: 18 | J88: 100
B89: CHARGE/DECHARGE | H89: ouvrier | I89: 2 | J89: 100
B90: RECOLTE | C90: 408 | D90: {=IFERROR(_xlfn.XLOOKUP(C90,Code!A:A,Code!B:B),"")} -> 1.06 | E90: AIT AMIRA | F90: EQUIPE SAID(BELAID) | G90: JRS | H90: Caporale | I90: 1 | J90: 120 | K90: 1620 | L90: 25 | M90: 400 | N90: =SUM(M90+K90) -> 2020
H91: ouvrier | I91: 14 | J91: 100
B92: CHARGE/DECHARGE | H92: ouvrier | I92: 1 | J92: 100
A93: 46151 | B93: RECOLTE | C93: 424 | D93: {=IFERROR(_xlfn.XLOOKUP(C93,Code!A:A,Code!B:B),"")} -> 0.93 | E93: AIN QLIAA | F93: EQUIPE MAJID(DRISS) | G93: JRS | H93: Caporale | I93: 1
C94: 414 | H94: ouvrier | I94: 12
B95: CHARGE/DECHARGE | H95: ouvrier | I95: 2
B96: RECOLTE | C96: 409 | D96: {=IFERROR(_xlfn.XLOOKUP(C96,Code!A:A,Code!B:B),"")} -> 1 | E96: AIN QLIAA | F96: EQUIPE BILAL (BELAID) | G96: JRS | H96: Caporale | I96: 1 | J96: 120 | K96: 1920 | L96: 30 | M96: 570 | N96: =SUM(M96+K96) -> 2490
C97: 410 | H97: ouvrier | I97: 17 | J97: 100
B98: CHARGE/DECHARGE | H98: ouvrier | I98: 1 | J98: 100
B99: RECOLTE | C99: 413 | D99: {=IFERROR(_xlfn.XLOOKUP(C99,Code!A:A,Code!B:B),"")} -> 0.65 | E99: AIN QLIAA | F99: EQUIPE YASSINE (DRISS) | G99: JRS | H99: Caporale | I99: 1
H100: ouvrier | I100: 10
B101: CHARGE/DECHARGE | H101: ouvrier | I101: 1
B102: RECOLTE | C102: 403 | D102: {=IFERROR(_xlfn.XLOOKUP(C102,Code!A:A,Code!B:B),"")} -> 0.67 | E102: AIN QLIAA | F102: EQUIPE KAMAL (BELAID) | G102: JRS | H102: Caporale | I102: 1 | J102: 120 | K102: 2020 | L102: 30 | M102: 600 | N102: =SUM(M102+K102) -> 2620
C103: 404 | H103: ouvrier | I103: 16 | J103: 100
B104: CHARGE/DECHARGE | H104: ouvrier | I104: 3 | J104: 100
...

Sheet PW005
C1: Suivi Opération Pw005
A8: Operation Date | B8: Operation | C8: Serre | D8: Sup | E8: Trage Transport | F8: EQUPE | G8: type operation | H8: Type Ouvrier | I8: Nb Ouvrier | J8: Prix/Ouvrier | K8: Prix/Total | L8: prix/trage | M8: TOTAL
A9: 46177 | B9: RECOLTE | C9: 502 | D9: {=IFERROR(_xlfn.XLOOKUP(C9,Code!A:A,Code!B:B),"")} -> 0.81 | E9: DRISS (hassna) | G9: JRS | H9: Caporale | I9: 1
G10: JRS | H10: ouvrier | I10: 10
A11: 46178 | B11: RECOLTE | C11: 502 | D11: {=IFERROR(_xlfn.XLOOKUP(C11,Code!A:A,Code!B:B),"")} -> 0.81 | E11: AIN QLIAA | F11: BELAID (BOUCHRA) | G11: JRS | H11: Caporale | I11: 1 | J11: 120 | K11: 120 | L11: 25 | M11: 375
G12: JRS | H12: ouvrier | I12: 14 | J12: 100 | K12: 1400
A13: 46179 | B13: RECOLTE | C13: 502 | D13: {=IFERROR(_xlfn.XLOOKUP(C13,Code!A:A,Code!B:B),"")} -> 0.81 | E13: AIN QLIAA | F13: BELAID (BOUCHRA) | G13: JRS | H13: Caporale | I13: 1 | J13: 120 | K13: 120 | L13: 25 | M13: 375
G14: JRS | H14: ouvrier | I14: 13.5 | J14: 100 | K14: 1350
A15: 46181 | B15: RECOLTE | C15: 502 | D15: {=IFERROR(_xlfn.XLOOKUP(C15,Code!A:A,Code!B:B),"")} -> 0.81 | E15: AIN QLIAA | F15: BELAID (BOUCHRA) | G15: JRS | H15: Caporale | I15: 1 | J15: 120 | K15: 120 | L15: 25 | M15: 350
C16: 504 | G16: JRS | H16: ouvrier | I16: 13 | J16: 100 | K16: 1300
A17: 46184 | B17: RECOLTE | C17: 504 | D17: {=IFERROR(_xlfn.XLOOKUP(C17,Code!A:A,Code!B:B),"")} -> 1.04 | E17: AIN QLIAA | F17: BELAID (BOUCHRA) | G17: JRS | H17: Caporale | I17: 1 | J17: 120 | K17: 120 | L17: 25 | M17: 500
G18: JRS | H18: ouvrier | I18: 19 | J18: 100 | K18: 1900
A19: 46185 | B19: RECOLTE | C19: 509 | D19: {=IFERROR(_xlfn.XLOOKUP(C19,Code!A:A,Code!B:B),"")} -> 0.74 | E19: AIN QLIAA | F19: BELAID (BOUCHRA) | G19: JRS | H19: Caporale | I19: 1 | J19: 120 | K19: =I19*120 -> 120 | L19: 25 | M19: =25*22 -> 550
G20: JRS | H20: ouvrier | I20: 21 | J20: 100 | K20: =I20*J20 -> 2100
A21: 46186 | B21: RECOLTE | C21: 508 | D21: {=IFERROR(_xlfn.XLOOKUP(C21,Code!A:A,Code!B:B),"")} -> 1.01 | E21: AIN QLIAA | F21: BELAID (BOUCHRA) | G21: JRS | H21: Caporale | I21: 1 | J21: 120 | K21: =I21*J21 -> 120 | L21: 25 | M21: =21*25 -> 525
G22: JRS | H22: ouvrier | I22: 20 | J22: 100 | K22: =I22*J22 -> 2000
A23: 46188 | B23: SELECTION | C23: 519 | D23: {=IFERROR(_xlfn.XLOOKUP(C23,Code!A:A,Code!B:B),"")} -> 0.87 | E23: AIN QLIAA | F23: BELAID (BOUCHRA) | G23: JRS | H23: Caporale | I23: 1 | J23: 120 | K23: 120 | L23: 25 | M23: 525
G24: JRS | H24: ouvrier | I24: 20 | J24: 100 | K24: 2000
A25: 46189 | B25: SELECTION | C25: 519 | D25: {=IFERROR(_xlfn.XLOOKUP(C25,Code!A:A,Code!B:B),"")} -> 0.87 | E25: AIN QLIAA | F25: BELAID (BOUCHRA) | G25: JRS | H25: Caporale | I25: 1 | J25: 120 | K25: 120 | L25: 25 | M25: 525
G26: JRS | H26: ouvrier | I26: 20 | J26: 100 | K26: 2000
A27: 46190 | B27: SELECTION | C27: 519 | D27: {=IFERROR(_xlfn.XLOOKUP(C27,Code!A:A,Code!B:B),"")} -> 0.87 | E27: AIN QLIAA | F27: BELAID (BOUCHRA) | G27: JRS | H27: Caporale | I27: 1 | J27: 120 | K27: 120 | L27: 25 | M27: 525
C28: 513 | G28: JRS | H28: ouvrier | I28: 20 | J28: 100 | K28: 2000
A29: 46191 | B29: SELECTION | C29: 515 | D29: {=IFERROR(_xlfn.XLOOKUP(C29,Code!A:A,Code!B:B),"")} -> 0.98 | E29: AIN QLIAA | F29: BELAID (BOUCHRA) | G29: JRS | H29: Caporale | I29: 1 | J29: 120 | K29: 120 | L29: 25 | M29: 525
C30: 513 | G30: JRS | H30: ouvrier | I30: 20 | J30: 100 | K30: 2000
A31: 46192 | B31: SELECTION | C31: 515 | D31: {=IFERROR(_xlfn.XLOOKUP(C31,Code!A:A,Code!B:B),"")} -> 0.98 | E31: AIN QLIAA | F31: BELAID (BOUCHRA) | G31: JRS | H31: Caporale | I31: 1 | J31: 120 | K31: 120 | L31: 25 | M31: 525
C32: 514 | G32: JRS | H32: ouvrier | I32: 20 | J32: 100 | K32: 2000
A33: 46193 | B33: SELECTION | C33: 516 | D33: {=IFERROR(_xlfn.XLOOKUP(C33,Code!A:A,Code!B:B),"")} -> 0.73 | E33: AIN QLIAA | F33: BELAID (BOUCHRA) | G33: JRS | H33: Caporale | I33: 1 | J33: 120 | K33: 120 | L33: 25 | M33: 525
C34: 517 | G34: JRS | H34: ouvrier | I34: 20 | J34: 100 | K34: 2000
A35: 46195 | B35: SELECTION | C35: 516 | D35: {=IFERROR(_xlfn.XLOOKUP(C35,Code!A:A,Code!B:B),"")} -> 0.73 | E35: AIN QLIAA | F35: BELAID (BOUCHRA) | G35: JRS | H35: Caporale | I35: 1 | J35: 120 | K35: 120 | L35: 25 | M35: 525
C36: 518 | G36: JRS | H36: ouvrier | I36: 20 | J36: 100 | K36: 2000
A37: 46196 | B37: SELECTION | C37: 519 | D37: {=IFERROR(_xlfn.XLOOKUP(C37,Code!A:A,Code!B:B),"")} -> 0.87 | E37: AIN QLIAA | F37: BELAID (BOUCHRA) | G37: JRS | H37: Caporale | I37: 1 | J37: 120 | K37: 120 | L37: 25 | M37: 525
C38: 518 | G38: JRS | H38: ouvrier | I38: 20 | J38: 100 | K38: 2000
A39: 46197 | B39: SELECTION | C39: 520 | D39: {=IFERROR(_xlfn.XLOOKUP(C39,Code!A:A,Code!B:B),"")} -> 0.89 | E39: AIN QLIAA | F39: BELAID (BOUCHRA) | G39: JRS | H39: Caporale | I39: 1 | J39: 120 | K39: 120 | L39: 25 | M39: 525
C40: 519 | G40: JRS | H40: ouvrier | I40: 20 | J40: 100 | K40: 2000
A41: 46219 | B41: NETTOYAGE FIN COMPAGNE | C41: 501 | F41: CAMARA (BELAID) | G41: HE | H41: ouvrier | I41: 8 | J41: 200 | K41: 2820 | L41: 400 | M41: 3220
H42: Caporale | I42: 1 | J42: 220
D43: 0.78 | H43: ouvrier | I43: 3 | J43: 240
D44: {=IFERROR(_xlfn.XLOOKUP(C44,Code!A:A,Code!B:B),"")} | H44: ouvrier | I44: 1 | J44: 280
A45: 46220 | B45: NETTOYAGE FIN COMPAGNE | C45: 502 | F45: CAMARA (BELAID) | G45: HE | H45: ouvrier | I45: 4 | J45: 200 | K45: 3220 | L45: 400 | M45: 3620
H46: Caporale | I46: 1 | J46: 220
D47: 0.81 | H47: ouvrier | I47: 8 | J47: 240
D48: {=IFERROR(_xlfn.XLOOKUP(C48,Code!A:A,Code!B:B),"")} | H48: ouvrier | I48: 1 | J48: 280
A49: 46221 | B49: NETTOYAGE FIN COMPAGNE | C49: 503 | F49: CAMARA (BELAID) | G49: HE | H49: ouvrier | I49: 9 | J49: 200 | K49: 3220 | L49: 400 | M49: 3620
H50: Caporale | I50: 1 | J50: 220
D51: 0.81 | H51: ouvrier | I51: 5 | J51: 240
D52: {=IFERROR(_xlfn.XLOOKUP(C52,Code!A:A,Code!B:B),"")}
A53: 46222 | B53: NETTOYAGE FIN COMPAGNE | C53: 504 | D53: 1.04 | F53: CAMARA (BELAID) | G53: HE | H53: ouvrier | I53: 4 | J53: 200 | K53: 3785 | L53: 400 | M53: 4185
H54: Caporale | I54: 1 | J54: 220
H55: ouvrier | I55: 4 | J55: 240
H56: ouvrier | I56: 3 | J56: 290
H57: ouvrier | I57: 2 | J57: 190
H58: ouvrier | I58: 2 | J58: 170
H59: ouvrier | I59: 1 | J59: 215
A60: 46223 | B60: NETTOYAGE FIN COMPAGNE | C60: 505 | D60: 0.96 | F60: CAMARA (BELAID) | G60: HE | H60: Caporale | I60: 1 | J60: 220 | K60: 3420 | L60: 400 | M60: 3820
H61: ouvrier | I61: 4 | J61: 200
H62: ouvrier | I62: 6 | J62: 120
H63: ouvrier | I63: 3 | J63: 180
H64: ouvrier | I64: 4 | J64: 150
H65: ouvrier | I65: 1 | J65: 240
H66: ouvrier | I66: 1 | J66: 300
A67: 46224 | B67: NETTOYAGE FIN COMPAGNE | C67: 506 | D67: 0.96 | F67: CAMARA (BELAID) | G67: HE | H67: Caporale | I67: 1 | J67: 220 | K67: 3360 | L67: 400 | M67: 3760
H68: ouvrier | I68: 4 | J68: 200
H69: ouvrier | I69: 1 | J69: 240
H70: ouvrier | I70: 2 | J70: 270
H71: ouvrier | I71: 6 | J71: 180
H72: ouvrier | I72: 1 | J72: 210
H73: ouvrier | I73: 1 | J73: 150
H74: ouvrier | I74: 1 | J74: 120
A75: 46225 | B75: NETTOYAGE FIN COMPAGNE | C75: 507 | D75: 0.83 | F75: CAMARA (BELAID) | G75: HE | H75: Caporale | I75: 1 | J75: 220 | K75: 2850 | L75: 400 | M75: 3250
H76: ouvrier | I76: 10 | J76: 120
H77: ouvrier | I77: 1 | J77: 180
H78: ouvrier | I78: 3 | J78: 150
H79: ouvrier | I79: 4 | J79: 200
A80: 46226 | B80: BILLONNAGE | C80: 509 | D80: 0.7352 | F80: EQUIPE AZIZ (BELAID) | G80: HE | H80: ouvrier | I80: 6 | K80: 2500 | M80: =K80*D80 -> 1838
A82: 46226 | B82: NETTOYAGE FIN COMPAGNE | C82: 508 | D82: 1.01 | F82: CAMARA (BELAID) | G82: HE | H82: Caporale | I82: 1 | J82: 220 | K82: 3480 | L82: 400 | M82: 3880
H83: ouvrier | I83: 13 | J83: 120
H84: ouvrier | I84: 4 | J84: 200
H85: ouvrier | I85: 1 | J85: 240
H86: ouvrier | I86: 2 | J86: 150
H87: ouvrier | I87: 2 | J87: 180
A88: 46227 | B88: NETTOYAGE FIN COMPAGNE | C88: 511 | D88: 1.2138 | F88: CAMARA (BELAID) | G88: HE | H88: Caporale | I88: 1 | J88: 220 | K88: 4220 | L88: 400 | M88: 4620
H89: ouvrier | I89: 5 | J89: 200
H90: ouvrier | I90: 8 | J90: 120
H91: ouvrier | I91: 2 | J91: 140
H92: ouvrier | I92: 6 | J92: 240
H93: ouvrier | I93: 2 | J93: 160
A94: 46228 | B94: NETTOYAGE FIN COMPAGNE | C94: 510 | D94: 1.3672 | F94: CAMARA (BELAID) | G94: HE | H94: Caporale | I94: 1 | J94: 220 | K94: 4320 | L94: 400 | M94: 4720
H95: ouvrier | I95: 4 | J95: 200
H96: ouvrier | I96: 7 | J96: 120
H97: ouvrier | I97: 8 | J97: 240
H98: ouvrier | I98: 2 | J98: 90
H99: ouvrier | I99: 2 | J99: 180
A100: 46228 | B100: BILLONNAGE | C100: 501 | D100: 0.7812 | F100: EQUIPE AZIZ (BELAID) | G100: HE | H100: ouvrier | I100: 6 | K100: 2500 | M100: =K100*D100 -> 1953
A102: 46229 | B102: BILLONNAGE | C102: 502 | D102: 0.8061 | F102: EQUIPE LAARBI (BELAID) | G102: HE | H102: ouvrier | I102: 9 | K102: 2500 | M102: =K102*D102 -> 2015.25
A104: 46231 | B104: BILLONNAGE | C104: 503 | D104: 0.8117 | F104: EQUIPE AZIZ (BELAID) | G104: HE | H104: ouvrier | I104: 10 | K104: 2500 | M104: =K104*D104 -> 2029.25
A106: 46231 | B106: BILLONNAGE | C106: 504 | D106: 1.0376 | F106: EQUIPE SARGHINI (BELAID) | G106: HE | H106: ouvrier | I106: 14 | K106: 2000 | M106: =D106*K106 -> 2075.2
A108: 46231 | B108: BILLONNAGE | C108: 505 | D108: 0.959 | F108: EQUIPE AZIZ (BELAID) | G108: HE | H108: ouvrier | I108: 10 | K108: 2500 | M108: =K108*D108 -> 2397.5
A110: 46232 | B110: RECOLTE | C110: 520 | D110: 0.885 | E110: AIT AAMIRA 25 dh | F110: BELAID (HAFIDA) | G110: JRS | H110: Caporale | I110: 1 | J110: 120 | K110: 920 | L110: 225 | M110: 1145
C111: 518 | G111: JRS | H111: ouvrier | I111: 8 | J111: 800
A112: 46232 | B112: BILLONNAGE | C112: 508 | D112: 1.0103 | F112: EQUIPE SARGHINI (BELAID) | G112: HE | H112: ouvrier | I112: 13 | K112: 2000 | M112: =D112*K112 -> 2020.6
...

Sheet PW006
H3: Suivi Opération Pw006
A6: Operation Date | B6: Operation | C6: Serre | D6: Sup | E6: type operation | F6: Type Ouvrier | G6: prix/jour | H6: total ouvrier | I6: % Avensment | J6: Montant Paye | K6: Trage Transport | L6: Transporteur | M6: Nb Ouvrier | N6: Prix/TRANSPORT | O6: TOTAL GENERAL
A7: 46118 | B7: BILLONNAGE | C7: 613 | D7: 0.96 | E7: JRS | F7: Ouvrier | G7: 100 | H7: 10 | I7: 1 | J7: =G7*H7 -> 1000 | K7: tin farage | M7: 10 | N7: =H7*20 -> 200 | O7: =J7+N7 -> 1200
A8: 46119 | B8: BILLONNAGE | C8: 617 | D8: 0.94 | E8: JRS | F8: Ouvrier | G8: 100 | H8: 11 | I8: 1 | J8: =G8*H8 -> 1100 | K8: tin farage | M8: 11 | N8: =H8*20 -> 220 | O8: =J8+N8 -> 1320
A9: 46120 | B9: NETTOYAGE FIN COMPAGNE | C9: 605 | D9: 0.97 | E9: JRS | F9: Ouvrier | G9: 125 | H9: 2 | I9: 0.8 | J9: =G9*H9 -> 250 | K9: AIT AMIRA | M9: 17 | N9: 400 | O9: =J9+J10+J11+N9 -> 2400
E10: JRS | F10: Ouvrier | G10: 150 | H10: 5 | J10: =G10*H10 -> 750
E11: JRS | F11: Ouvrier | G11: 100 | H11: 10 | J11: =G11*H11 -> 1000
A12: 46121 | B12: NETTOYAGE FIN COMPAGNE | C12: 605 | D12: {=IFERROR(_xlfn.XLOOKUP(C12,Code!A:A,Code!B:B),"")} -> 0.97 | E12: JRS | F12: Ouvrier | G12: 200 | H12: 5 | I12: 1 | J12: =G12*H12 -> 1000 | K12: AIT AMIRA | M12: 5 | N12: 400 | O12: =J12+J13+J14+J15+J16+J17+N12+N13 -> 2980
A13: 46121 | B13: NETTOYAGE FIN COMPAGNE | C13: 620 | D13: {=IFERROR(_xlfn.XLOOKUP(C13,Code!A:A,Code!B:B),"")} -> 0.96 | E13: JRS | F13: Ouvrier | G13: 150 | H13: 4 | I13: 0.5 | J13: =G13*H13 -> 600 | M13: 15
E14: JRS | F14: Ouvrier | G14: 50 | H14: 3 | J14: =G14*H14 -> 150
E15: JRS | F15: Ouvrier | G15: 120 | H15: 1 | J15: =G15*H15 -> 120
E16: JRS | F16: Ouvrier | G16: 110 | H16: 1 | J16: =G16*H16 -> 110
E17: JRS | F17: Ouvrier | G17: 100 | H17: 6 | J17: =G17*H17 -> 600
A18: 46121 | B18: NETTOYAGE FIN COMPAGNE | C18: 609 | D18: {=IFERROR(_xlfn.XLOOKUP(C18,Code!A:A,Code!B:B),"")} -> 0.96 | E18: JRS | F18: Ouvrier | G18: 200 | H18: 2 | I18: 0.4 | J18: =G18*H18 -> 400 | K18: HOWARA | M18: 13 | N18: =13*36 -> 468 | O18: =N18+J18+J19+J20 -> 2068
E19: JRS | F19: Ouvrier | G19: 100 | H19: 9 | J19: =G19*H19 -> 900
E20: JRS | F20: Ouvrier | G20: 150 | H20: 2 | J20: =G20*H20 -> 300
A21: 46122 | B21: ARRACHAGE/FAUCHAGE | C21: 618 | D21: {=IFERROR(_xlfn.XLOOKUP(C21,Code!A:A,Code!B:B),"")} -> 0.96 | E21: JRS | F21: Ouvrier | G21: 120 | H21: 2 | I21: 0.75 | J21: =G21*H21 -> 240 | K21: BENHACHEM MANSOURI | M21: 5 | N21: BENHACHEM MANSOURI | O21: =J21+J22 -> 600
C22: 619 | D22: {=IFERROR(_xlfn.XLOOKUP(C22,Code!A:A,Code!B:B),"")} -> 0.96 | E22: JRS | F22: Ouvrier | G22: 120 | H22: 3 | I22: 1 | J22: =G22*H22 -> 360
A23: 46123 | B23: NETTOYAGE FIN COMPAGNE | C23: 609 | D23: {=IFERROR(_xlfn.XLOOKUP(C23,Code!A:A,Code!B:B),"")} -> 0.96 | E23: JRS | F23: Ouvrier | G23: 60 | H23: 5 | I23: 0.99 | J23: =G23*H23 -> 300 | K23: AIT AMIRA | M23: 18 | N23: 400 | O23: =J23+J24+J25+J26+J27+J28+J29+N23 -> 2610
E24: JRS | F24: Ouvrier | G24: 120 | H24: 3 | J24: =G24*H24 -> 360
E25: JRS | F25: Ouvrier | G25: 130 | H25: 1 | J25: =G25*H25 -> 130
E26: JRS | F26: Ouvrier | G26: 140 | H26: 1 | J26: =G26*H26 -> 140
E27: JRS | F27: Ouvrier | G27: 150 | H27: 6 | J27: =G27*H27 -> 900
E28: JRS | F28: Ouvrier | G28: 180 | H28: 1 | J28: =G28*H28 -> 180
E29: JRS | F29: Ouvrier | G29: 200 | H29: 1 | J29: =G29*H29 -> 200
A30: 46124 | B30: NETTOYAGE FIN COMPAGNE | C30: 609 | D30: {=IFERROR(_xlfn.XLOOKUP(C30,Code!A:A,Code!B:B),"")} -> 0.96 | E30: JRS | F30: Ouvrier | G30: 150 | H30: 1 | I30: 1 | J30: =G30*H30 -> 150 | K30: AIT AMIRA | M30: 1 | N30: 400 | O30: =J30+J31+J32+J33+J34+J35+J36+J37+J38+J39+J40+J41+J42+N30+N31+N36 -> 4640
C31: 610 | D31: {=IFERROR(_xlfn.XLOOKUP(C31,Code!A:A,Code!B:B),"")} -> 0.56 | E31: JRS | F31: Ouvrier | G31: 135 | H31: 2 | I31: 1 | J31: =G31*H31 -> 270 | M31: 11
E32: JRS | F32: Ouvrier | G32: 200 | H32: 2 | J32: =G32*H32 -> 400
E33: JRS | F33: Ouvrier | G33: 120 | H33: 3 | J33: =G33*H33 -> 360
E34: JRS | F34: Ouvrier | G34: 280 | H34: 1 | J34: =G34*H34 -> 280
E35: JRS | F35: Ouvrier | G35: 170 | H35: 3 | J35: =G35*H35 -> 510
C36: 611 | D36: 0.92 | E36: JRS | F36: Ouvrier | G36: 60 | H36: 1 | I36: 0.5 | J36: =G36*H36 -> 60 | M36: 12
E37: JRS | F37: Ouvrier | G37: 300 | H37: 2 | J37: =G37*H37 -> 600
E38: JRS | F38: Ouvrier | G38: 80 | H38: 1 | J38: =G38*H38 -> 80
E39: JRS | F39: Ouvrier | G39: 220 | H39: 1 | J39: =G39*H39 -> 220
E40: JRS | F40: Ouvrier | G40: 110 | H40: 1 | J40: =G40*H40 -> 110
E41: JRS | F41: Ouvrier | G41: 240 | H41: 2 | J41: 480
E42: JRS | F42: Ouvrier | G42: 180 | H42: 4 | J42: 720
A43: 46125 | B43: NETTOYAGE FIN COMPAGNE | C43: 611 | D43: {=IFERROR(_xlfn.XLOOKUP(C43,Code!A:A,Code!B:B),"")} -> 0.92 | E43: JRS | F43: Ouvrier | G43: 120 | H43: 3 | I43: 1 | J43: =G43*H43 -> 360 | K43: AIT AMIRA | M43: 11 | N43: 400 | O43: =J43+J44+J45+J46+J47+J48+N43 -> 2110
E44: JRS | F44: Ouvrier | G44: 130 | H44: 1 | J44: =G44*H44 -> 130
E45: JRS | F45: Ouvrier | G45: 150 | H45: 3 | J45: =G45*H45 -> 450
E46: JRS | F46: Ouvrier | G46: 170 | H46: 1 | J46: =G46*H46 -> 170
E47: JRS | F47: Ouvrier | G47: 180 | H47: 2 | J47: =G47*H47 -> 360
E48: JRS | F48: Ouvrier | G48: 240 | H48: 1 | J48: =G48*H48 -> 240
A49: 46126 | B49: NETTOYAGE FIN COMPAGNE | C49: 620 | D49: {=IFERROR(_xlfn.XLOOKUP(C49,Code!A:A,Code!B:B),"")} -> 0.96 | E49: JRS | F49: Ouvrier | G49: 100 | H49: 16 | I49: 1 | J49: =G49*H49 -> 1600 | K49: AIT AMIRA | M49: 19 | N49: 400 | O49: =J49+J50+J51+J52+N49 -> 2520
E50: JRS | F50: Ouvrier | G50: 250 | H50: 1 | J50: =G50*H50 -> 250
E51: JRS | F51: Ouvrier | G51: 150 | H51: 1 | J51: =G51*H51 -> 150
E52: JRS | F52: Ouvrier | G52: 120 | H52: 1 | J52: =G52*H52 -> 120
A53: 46127 | B53: NETTOYAGE FIN COMPAGNE | C53: 612 | D53: {=IFERROR(_xlfn.XLOOKUP(C53,Code!A:A,Code!B:B),"")} -> 0.96 | E53: JRS | F53: Ouvrier | G53: 90 | H53: 1 | I53: 0.9 | J53: =G53*H53 -> 90 | K53: AIT AMIRA | M53: 22 | N53: 400 | O53: =J53+J54+J55+J56+J57+J58+J59+J60+N53 -> 3720
E54: JRS | F54: Ouvrier | G54: 100 | H54: 1 | J54: =G54*H54 -> 100
E55: JRS | F55: Ouvrier | G55: 110 | H55: 1 | J55: =G55*H55 -> 110
E56: JRS | F56: Ouvrier | G56: 120 | H56: 9 | J56: =G56*H56 -> 1080
E57: JRS | F57: Ouvrier | G57: 150 | H57: 2 | J57: =G57*H57 -> 300
E58: JRS | F58: Ouvrier | G58: 180 | H58: 2 | J58: =G58*H58 -> 360
E59: JRS | F59: Ouvrier | G59: 200 | H59: 4 | J59: =G59*H59 -> 800
E60: JRS | F60: Ouvrier | G60: 240 | H60: 2 | J60: =G60*H60 -> 480
A61: 46128 | B61: NETTOYAGE FIN COMPAGNE | C61: 612 | D61: {=IFERROR(_xlfn.XLOOKUP(C61,Code!A:A,Code!B:B),"")} -> 0.96 | E61: JRS | F61: Ouvrier | G61: 120 | H61: 4 | I61: 1 | J61: =G61*H61 -> 480 | K61: AIT AMIRA | M61: 4 | N61: 400 | O61: =J61+J62+J63+J64+J65+J66+J67+J68+J69+J70+J71+N61 -> 4765
C62: 618 | D62: {=IFERROR(_xlfn.XLOOKUP(C62,Code!A:A,Code!B:B),"")} -> 0.96 | E62: JRS | F62: Ouvrier | G62: 120 | H62: 1 | I62: 0.95 | J62: =G62*H62 -> 120 | M62: 18
E63: JRS | F63: Ouvrier | G63: 330 | H63: 1 | J63: =G63*H63 -> 330
E64: JRS | F64: Ouvrier | G64: 250 | H64: 1 | J64: =G64*H64 -> 250
E65: JRS | F65: Ouvrier | G65: 180 | H65: 5 | J65: =G65*H65 -> 900
E66: JRS | F66: Ouvrier | G66: 300 | H66: 3 | J66: =G66*H66 -> 900
E67: JRS | F67: Ouvrier | G67: 205 | H67: 1 | J67: =G67*H67 -> 205
E68: JRS | F68: Ouvrier | G68: 150 | H68: 1 | J68: =G68*H68 -> 150
E69: JRS | F69: Ouvrier | G69: 200 | H69: 3 | J69: =G69*H69 -> 600
E70: JRS | F70: Ouvrier | G70: 220 | H70: 1 | J70: =G70*H70 -> 220
E71: JRS | F71: Ouvrier | G71: 210 | H71: 1 | J71: =G71*H71 -> 210
A72: 46129 | B72: NETTOYAGE FIN COMPAGNE | C72: 618 | D72: {=IFERROR(_xlfn.XLOOKUP(C72,Code!A:A,Code!B:B),"")} -> 0.96 | E72: JRS | F72: Ouvrier | G72: 150 | H72: 2 | I72: 1 | J72: =G72*H72 -> 300 | K72: AIT AMIRA | M72: 1 | N72: 400 | O72: =J72+J73+J74+J75+J76+J77+J78+J79+J80+J81+J82+N72 -> 4540
C73: 619 | D73: 0.96 | E73: JRS | F73: Ouvrier | G73: 250 | H73: 1 | I73: 1 | J73: =G73*H73 -> 250 | M73: 18
E74: JRS | F74: Ouvrier | G74: 390 | H74: 1 | J74: =G74*H74 -> 390
E75: JRS | F75: Ouvrier | G75: 240 | H75: 4 | J75: =G75*H75 -> 960
E76: JRS | F76: Ouvrier | G76: 300 | H76: 1 | J76: =G76*H76 -> 300
E77: JRS | F77: Ouvrier | G77: 270 | H77: 1 | J77: =G77*H77 -> 270
E78: JRS | F78: Ouvrier | G78: 150 | H78: 2 | J78: =G78*H78 -> 300
E79: JRS | F79: Ouvrier | G79: 180 | H79: 1 | J79: =G79*H79 -> 180
E80: JRS | F80: Ouvrier | G80: 160 | H80: 1 | J80: =G80*H80 -> 160
E81: JRS | F81: Ouvrier | G81: 200 | H81: 4 | J81: =G81*H81 -> 800
E82: JRS | F82: Ouvrier | G82: 230 | H82: 1 | J82: =G82*H82 -> 230
J83: =SUM(J7:J82) -> 30985 | M83: =SUM(M7:M82) -> 211 | N83: =SUM(N7:N82) -> 4488 | O83: =SUM(O7:O82) -> 35473
A84: 46179 | B84: PINCEMENT | C84: 612 | D84: 0.96 | E84: JRS | F84: Ouvrier | G84: 100 | H84: 12 | J84: =G84*H84 -> 1200 | K84: AIN LAQLIAA | L84: EQUIPE BILAL (BELAID) | M84: 17 | N84: =17*30 -> 510 | O84: =J84+J85+J86+J87+N84 -> 2114.5
E85: JRS | F85: Ouvrier | G85: 67 | H85: 3 | J85: =G85*H85 -> 201
E86: JRS | F86: Ouvrier | G86: 83.5 | H86: 1 | J86: =G86*H86 -> 83.5
E87: JRS | F87: Caporale | G87: 120 | H87: 1 | J87: =G87*H87 -> 120
A88: 46180 | B88: PINCEMENT | C88: 612 | D88: 0.96 | E88: JRS | F88: Ouvrier | G88: 100 | H88: 9 | J88: =G88*H88 -> 900 | K88: AIN LAQLIAA | L88: EQUIPE BILAL (BELAID) | M88: 12 | N88: =12*30 -> 360 | O88: =J88+J89+J90+N88 -> 1480
E89: JRS | F89: Ouvrier | G89: 50 | H89: 2 | J89: =G89*H89 -> 100
E90: JRS | F90: Caporale | G90: 120 | H90: 1 | J90: =G90*H90 -> 120
A91: 46181 | B91: PINCEMENT | C91: 611 | D91: 0.96 | E91: JRS | F91: Ouvrier | G91: 100 | H91: 9 | J91: =G91*H91 -> 900 | K91: AIN LAQLIAA | L91: EQUIPE BILAL(BELAID) | M91: 10 | N91: =M91*30 -> 300 | O91: =J91+J92+N91 -> 1320
E92: JRS | F92: Caporale | G92: 120 | H92: 1 | J92: =G92*H92 -> 120
A93: 46181 | B93: PINCEMENT | C93: 622 | D93: 0.96 | E93: JRS | F93: Ouvrier | G93: 100 | H93: 23 | J93: =G93*H93 -> 2300 | K93: LAKHMIS AIT AMIRA | L93: EQUIPE DRISS MJID | M93: 24
E94: JRS | F94: Caporale | G94: 120 | H94: 1 | J94: =G94*H94 -> 120
A95: 46182 | B95: PINCEMENT | C95: 616 | E95: JRS | F95: Ouvrier | G95: 100 | H95: 3 | J95: =G95*H95 -> 300 | K95: LAKHMIS AIT AMIRA | L95: EQUIPE DRISS MJID | M95: 22
C96: 617 | E96: JRS | F96: Ouvrier | G96: 100 | H96: 18 | J96: =G96*H96 -> 1800
E97: JRS | F97: Caporale | G97: 120 | H97: 1 | J97: =G97*H97 -> 120
A98: 46182 | B98: PINCEMENT | C98: 615 | E98: JRS | F98: Ouvrier | G98: 100 | H98: 6 | J98: =G98*H98 -> 600 | K98: AIN LAQLIAA | L98: EQUIPE BILAL (belaid) | M98: 23 | N98: =M98*30 -> 690 | O98: =J98+J99+J100+N98 -> 3010
C99: 614 | D99: 0.96 | E99: JRS | F99: Ouvrier | G99: 100 | H99: 16 | J99: =G99*H99 -> 1600
C100: 614 | E100: JRS | F100: Caporale | G100: 120 | H100: 1 | J100: =G100*H100 -> 120
A101: 46183 | B101: PINCEMENT | C101: 615 | E101: JRS | F101: Ouvrier | G101: 100 | H101: 9 | J101: =G101*H101 -> 900 | K101: LAKHMIS AIT AMIRA | L101: EQUIPE DRISS MJID | M101: 23
C102: 616 | E102: JRS | F102: Ouvrier | G102: 100 | H102: 13 | J102: =G102*H102 -> 1300
C103: 616 | E103: JRS | F103: Caporale | G103: 120 | H103: 1 | J103: =G103*H103 -> 120
A104: 46183 | B104: PINCEMENT | C104: 624 | E104: JRS | F104: Ouvrier | G104: 100 | H104: 4 | J104: =G104*H104 -> 400 | K104: AIN LAQLIAA | L104: EQUIPE BILAL (belaid) | M104: 17 | N104: =17*30 -> 510 | O104: =J104+J105+J106+N104 -> 2230
...

Sheet Code
A1: Serre | B1: Supp
A2: 101 | B2: 1.14
A3: 102 | B3: 1.23
A4: 103 | B4: 1.24
A5: 104 | B5: 0.95
A6: 105 | B6: 0.95
A7: 106 | B7: 0.73
A8: 107 | B8: 0.95
A9: 108 | B9: 0.95
A10: 109 | B10: 0.9
A11: 110 | B11: 0.96
A12: 111 | B12: 1.08
A13: 112 | B13: 0.96
... A220: 1104 | B220: 0.97

Sheet recap
D12: Detail
D13: F002-4-2026
D14: Domaine | E14: Total JRS | F14: Montant
D15: Pw001 | E15: 481 | F15: =E15*165.76 -> 79730.56
D16: Pw004 | E16: 41 | F16: =E16*165.76 -> 6796.16
E17: Total | F17: =SUM(F14:F16) -> 86526.72
E18: Ecart F | F18: =F17-86526.72 -> 0
D20: F004-4-2026
D21: Domaine | E21: Total JRS | F21: Montant
D22: PW007 | E22: 103 | F22: =E22*165.76 -> 17073.28
D23: PW004 | E23: 300 | F23: =E23*165.76 -> 49728
D24: PW001 | E24: 559 | F24: =E24*165.76 -> 92659.84
D25: PW003 | E25: 62 | F25: =E25*165.76 -> 10277.12
D26: PW115 | E26: 13 | F26: =E26*165.76 -> 2154.88
D27: TOTAL | F27: =SUM(F22:F26) -> 171893.12
D28: ECART | F28: =F27-171893.12 -> 0
M235: Bouchra | N235: Odoo mod | O235: Odoo conso | P235: tonnage | Q235: budget code
M236: PW001_PLT_2024-08-29_S3 PW001 | N236: PW001_PLT_2024-08-29_S3 PW001 | O236: PW001_PLT_2024-08-29_S3 PW001 | P236: PW001_PLT_2024-08-29_S3 PW001 | Q236: PW001_PLT_2024-08-29_S3 PW001
M237: PW003_PLT_2024-08-26_S9 PW003 | N237: PW003_PLT_2024-08-26_S9 PW003 | O237: PW003_PLT_2024-08-26_S9 PW003 | P237: PW003_PLT_2024-08-26_S9 PW003 | Q237: PW003_PLT_2024-08-26_S9 PW003
M238: PW003_PLT_2024-09-01_S8 PW003 | N238: PW003_PLT_2024-09-01_S8 PW003 | O238: PW003_PLT_2024-09-01_S8 PW003 | P238: PW003_PLT_2024-09-01_S8 PW003 | Q238: PW003_PLT_2024-09-01_S8 PW003
M239: PW003_TOPKAPIA_2024-09-01_S8 PW003 | N239: PW003_TOPKAPIA_2024-09-01_S8 PW003 | P239: PW003_TOPKAPIA_2024-09-01_S8 PW003 | Q239: PW003_TOPKAPIA_2024-09-01_S8 PW003
M240: PW003_PLT_2024-09-08_S10 PW003 | N240: PW003_PLT_2024-09-08_S10 PW003 | O240: PW003_PLT_2024-09-08_S10 PW003 | P240: PW003_PLT_2024-09-08_S10 PW003 | Q240: PW003_PLT_2024-09-08_S10 PW003
M241: PW004_PLT_2025-05-15_S12 PW004 | N241: PW004_PLT_2025-05-15_S12 PW004 | O241: PW004_PLT_2025-05-15_S12 PW004 | P241: PW004_PLT_2025-05-15_S12 PW004 | Q241: PW004_PLT_2025-05-15_S12 PW004
M242: PW004_PLT_2025-05-23_S13 PW004 | N242: PW004_PLT_2025-05-23_S13 PW004 | O242: PW004_PLT_2025-05-23_S13 PW004 | P242: PW004_PLT_2025-05-23_S13 PW004 | Q242: PW004_PLT_2025-05-23_S13 PW004
M243: PW006_PLPROST_2024-12-24_S2 PW06 | N243: PW006_PLPROST_2024-12-24_S2 PW06 | O243: PW006_PLPROST_2024-12-24_S2 PW06 | P243: PW006_PLPROST_2024-12-24_S2 PW06 | Q243: PW006_PLPROST_2024-12-24_S2 PW06
M244: PW006_PLT_2024-12-25_S1 PW06 | N244: PW006_PLT_2024-12-25_S1 PW06 | O244: PW006_PLT_2024-12-25_S1 PW06 | P244: PW006_PLT_2024-12-25_S1 PW06 | Q244: PW006_PLT_2024-12-25_S1 PW06
M245: PW006_PLPROST_2024-12-24_S3 PW06 | N245: PW006_PLPROST_2024-12-24_S3 PW06 | O245: PW006_PLPROST_2024-12-24_S3 PW06 | P245: PW006_PLPROST_2024-12-24_S3 PW06 | Q245: PW006_PLPROST_2024-12-24_S3 PW06
M246: PW006_PLT_2024-12-24_S3 PW06 | N246: PW006_PLT_2024-12-24_S3 PW06 | O246: PW006_PLT_2024-12-24_S3 PW06 | P246: PW006_PLT_2024-12-24_S3 PW06 | Q246: PW006_PLT_2024-12-24_S3 PW06
M247: PW007_PLT_2024-09-24_S1 PW007 | N247: PW007_PLT_2024-09-24_S1 PW007 | O247: PW007_PLT_2024-09-24_S1 PW007 | P247: PW007_PLT_2024-09-24_S1 PW007 | Q247: PW007_PLT_2024-09-24_S1 PW007
M248: PW007_PLT_2024-09-28_S2 PW007 | N248: PW007_PLT_2024-09-28_S2 PW007 | O248: PW007_PLT_2024-09-28_S2 PW007 | P248: PW007_PLT_2024-09-28_S2 PW007 | Q248: PW007_PLT_2024-09-28_S2 PW007
M249: PW008_PLT_2025-02-18_S1 PW008 | N249: PW008_PLT_2025-02-18_S1 PW008 | O249: PW008_PLT_2025-02-18_S1 PW008 | P249: PW008_PLT_2025-02-18_S1 PW008 | Q249: PW008_PLT_2025-02-18_S1 PW008
M250: PW008_PLPROST_2025-02-18_S1 PW008 | N250: PW008_PLPROST_2025-02-18_S1 PW008 | O250: PW008_PLPROST_2025-02-18_S1 PW008 | P250: PW008_PLPROST_2025-02-18_S1 PW008 | Q250: PW008_PLPROST_2025-02-18_S1 PW008
M251: PW008_PLT_2025-02-26_S2 PW008 | N251: PW008_PLT_2025-02-26_S2 PW008 | O251: PW008_PLT_2025-02-26_S2 PW008 | P251: PW008_PLT_2025-02-26_S2 PW008 | Q251: PW008_PLT_2025-02-26_S2 PW008
... M255: PW011_PLT_2025-03-03_S1 PW011 | N255: PW011_PLT_2025-03-03_S1 PW011 | O255: PW011_PLT_2025-03-03_S1 PW011 | P255: PW011_PLT_2025-03-03_S1 PW011 | Q255: PW011_PLT_2025-03-03_S1 PW011
M256: PW001_PYR/DRE_2024-08-29_S3 PW001 | N256: PW001_PLP_2024-08-29_S3 PW001 | P256: PW001_PLP_2024-08-29_S3 PW001 | Q256: PW001_PLP_2024-08-29_S3 PW001
M257: PW004_PLP_2025-05-23_S13 PW004 | N257: PW004_PLP_2025-05-23_S13 PW004 | O257: PW004_PLP_2025-05-23_S13 PW004 | P257: PW004_PLP_2025-05-23_S13 PW004 | Q257: PW004_PLP_2025-05-23_S13 PW004
M258: PW005_PLP_2024-10-21_S2 PW005 | N258: PW005_PLP_2024-10-21_S2 PW005 | O258: PW005_PLP_2024-10-21_S2 PW005 | P258: PW005_PLP_2024-10-21_S2 PW005 | Q258: PW005_PLP_2024-10-21_S2 PW005
M259: PW001_PLRM_2024-07-27_S2 PW001 | N259: PW001_PLRM_2024-07-27_S2 PW001 | O259: PW001_PLRM_2024-07-27_S2 PW001 | P259: PW001_PLRM_2024-07-27_S2 PW001 | Q259: PW001_PLRM_2024-07-27_S2 PW001
M260: PW001_ROLER_2024-07-27_S2 PW001 | N260: PW001_ROLER_2024-07-27_S2 PW001 | O260: PW001_ROLER_2024-07-27_S2 PW001 | P260: PW001_ROLER_2024-07-27_S2 PW001 | Q260: PW001_ROLER_2024-07-27_S2 PW001
M261: PW003_PLRM_2024-09-01_S8 PW003 | N261: PW003_PLRM_2024-09-01_S8 PW003 | O261: PW003_PLRM_2024-09-01_S8 PW003 | P261: PW003_PLRM_2024-09-01_S8 PW003 | Q261: PW003_PLRM_2024-09-01_S8 PW003
M262: PW003_ROLER_2024-09-01_S8 PW003 | N262: PW003_ROLER_2024-09-01_S8 PW003 | O262: PW003_ROLER_2024-09-01_S8 PW003 | P262: PW003_ROLER_2024-09-01_S8 PW003 | Q262: PW003_ROLER_2024-09-01_S8 PW003
M263: PW001_CAND_2024-08-15_S4 PW001 | N263: PW001_CAND_2024-08-15_S4 PW001 | O263: PW001_CAND_2024-08-15_S4 PW001 | P263: PW001_CAND_2024-08-15_S4 PW001 | Q263: PW001_CAND_2024-08-15_S4 PW001
M264: PW001_CAND_2024-08-29_S3 PW001 | N264: PW001_CAND_2024-08-29_S3 PW001 | O264: PW001_CAND_2024-08-29_S3 PW001 | P264: PW001_CAND_2024-08-29_S3 PW001 | Q264: PW001_CAND_2024-08-29_S3 PW001
M265: PW004_SPS5_2025-05-08_S11 PW004 | N265: PW004_SPS5_2025-05-08_S11 PW004 | O265: PW004_SPS5_2025-05-08_S11 PW004 | P265: PW004_SPS5_2025-05-08_S11 PW004 | Q265: PW004_SPS5_2025-05-08_S11 PW004
M266: PW005_CAND_2024-10-09_S1 PW005 | N266: PW005_CAND_2024-10-09_S1 PW005 | O266: PW005_CAND_2024-10-09_S1 PW005 | P266: PW005_CAND_2024-10-09_S1 PW005 | Q266: PW005_CAND_2024-10-09_S1 PW005
M267: PW009_SPS5_2024-07-23_S1 PW009 | N267: PW009_SPS5_2024-07-23_S1 PW009 | O267: PW009_SPS5_2024-07-23_S1 PW009 | P267: PW009_SPS5_2024-07-23_S1 PW009 | Q267: PW009_SPS5_2024-07-23_S1 PW009
M268: PW009_SPS5_2024-07-04_S2 PW009 | N268: PW009_SPS5_2024-07-04_S2 PW009 | O268: PW009_SPS5_2024-07-04_S2 PW009 | P268: PW009_SPS5_2024-07-04_S2 PW009 | Q268: PW009_SPS5_2024-07-04_S2 PW009
... M282: PW009_PSA_2024-08-01_S3 PW009 | N282: PW009_PSA_2024-08-01_S3 PW009 | O282: PW009_PSA_2024-08-01_S3 PW009 | P282: PW009_PSA_2024-08-01_S3 PW009 | Q282: PW009_PSA_2024-08-01_S3 PW009
M283: PW001_CRNBR_2024-07-28_S2 PW001 | N283: PW001_CRNBR_2024-07-28_S2 PW001 | P283: PW001_CRNOR_2024-07-28_S2 PW001 | Q283: PW001_CRNOL_2024-07-28_S2 PW001
M284: PW001_CRNBR_2024-08-29_S3 PW001 | N284: PW001_CRNBR_2024-08-29_S3 PW001 | O284: PW001_CRNBR_2024-08-29_S3 PW001 | P284: PW001_CRNBR_2024-08-29_S3 PW001 | Q284: PW001_CRNBR_2024-08-29_S3 PW001
M285: PW001_CRNOL_2024-07-28_S2 PW001 | N285: PW001_CRNOL_2024-07-28_S2 PW001 | P285: PW001_CRNOR_2024-07-28_S2 PW001 | Q285: PW001_CRNOL_2024-07-28_S2 PW001
M286: PW001_CRNOR_2024-07-28_S2 PW001 | N286: PW001_CRNOR_2024-07-28_S2 PW001 | O286: #N/A | P286: PW001_CRNOR_2024-07-28_S2 PW001 | Q286: PW001_CRNOL_2024-07-28_S2 PW001
M287: PW004_CRNBR_2025-05-23_S13 PW004 | N287: PW004_CRNBR_2025-05-23_S13 PW004 | P287: PW004_CRNBR_2025-05-23_S13 PW004 | Q287: PW004_CRNBR_2025-05-23_S13 PW004
M288: PW004_CRNOL_2025-05-23_S13 PW004 | N288: PW004_CRNOL_2025-05-23_S13 PW004 | O288: PW004_CRNOL_2025-05-23_S13 PW004 | P288: PW004_CRNOL_2025-05-23_S13 PW004 | Q288: PW004_CRNOL_2025-05-23_S13 PW004
M289: PW004_CRNOR_2025-05-23_S13 PW004 | N289: PW004_CRNOR_2025-05-23_S13 PW004 | P289: PW004_CRNOR_2025-05-23_S13 PW004 | Q289: PW004_CRNOR_2025-05-23_S13 PW004
M290: PW001_CHIAVIT_2024-08-15_S4 PW001 | N290: PW001_CHIAVIT_2024-08-15_S4 PW001 | O290: PW001_CHIAVIT_2024-08-15_S4 PW001 | P290: PW001_CHIAVIT_2024-08-15_S4 PW001 | Q290: PW001_CHIAVIT_2024-08-15_S4 PW001
M291: PW003_CHIAVIT_2024-08-25_S7 PW003 | N291: PW003_CHIAVIT_2024-08-25_S7 PW003 | O291: PW003_CHIAVIT_2024-08-25_S7 PW003 | P291: PW003_CHIAVIT_2024-08-25_S7 PW003 | Q291: PW003_CHIAVIT_2024-08-25_S7 PW003
M292: PW004_CHIAVIT_2025-05-08_S11 PW004 | N292: PW004_CHIAVIT_2025-05-08_S11 PW004 | O292: PW004_CHIAVIT_2025-05-08_S11 PW004 | P292: PW004_CHIAVIT_2025-05-08_S11 PW004 | Q292: PW004_CHIAVIT_2025-05-08_S11 PW004
M293: PW004_SHAMA_2025-05-08_S11 PW004 | N293: PW004_SHAMA_2025-05-08_S11 PW004 | O293: PW004_SHAMA_2025-05-08_S11 PW004 | P293: PW004_SHAMA_2025-05-08_S11 PW004 | Q293: PW004_SHAMA_2025-05-08_S11 PW004
M294: PW005_FARES_2024-10-21_S2 PW005 | N294: PW005_FARES_2024-10-21_S2 PW005 | P294: PW005_CHIAVIT_2024-10-21_S2 PW005 | Q294: PW005_CHIAVIT_2024-10-21_S2 PW005
M295: PW005_CHIAVIT_2024-10-21_S2 PW005 | N295: PW005_CHIAVIT_2024-10-21_S2 PW005 | O295: PW005_CHIAVIT_2024-10-21_S2 PW005 | P295: PW005_CHIAVIT_2024-10-21_S2 PW005 | Q295: PW005_CHIAVIT_2024-10-21_S2 PW005
M296: PW009_CHIAVIT_2024-07-04_S2 PW009 | N296: PW009_CHIAVIT_2024-07-04_S2 PW009 | O296: PW009_CHIAVIT_2024-07-04_S2 PW009 | P296: PW009_CHIAVIT_2024-07-04_S2 PW009 | Q296: PW009_CHIAVIT_2024-07-04_S2 PW009
M297: PW009_KATAN/TNT_2024-07-04_S2 PW009 | N297: PW009_KATAN/TNT_2024-07-04_S2 PW009 | O297: #N/A | P297: PW009_KATAN/TNT_2024-07-04_S2 PW009 | Q297: PW009_CHIAVIT_2024-07-04_S2 PW009
P298: PW003_PLT_2024-09-01_S8 PW003 | Q298: PW003_PLT_2024-09-01_S8 PW003
P299: PW005_CHIAVIT_2024-10-21_S2 PW005 | Q299: PW005_CHIAVIT_2024-10-21_S2 PW005
M300: PW001_PLP_2024-08-29_S3 PW001 | N300: PW001_PLP_2024-08-29_S3 PW001 | O300: PW001_PLP_2024-08-29_S3 PW001 | P300: PW001_PLP_2024-08-29_S3 PW001 | Q300: PW001_PLP_2024-08-29_S3 PW001
P301: PW005_CHIAVIT_2024-10-21_S2 PW005 | Q301: PW005_CHIAVIT_2024-10-21_S2 PW005
P302: PW003_ROLER_2024-09-01_S8 PW003 | Q302: PW003_ROLER_2024-09-01_S8 PW003
P303: PW003_TOPKAPIA_2024-09-01_S8 PW003 | Q303: PW003_ROLER_2024-09-01_S8 PW003
P304: PW005_FARES_2024-10-21_S2 PW005 | Q304: PW005_CHIAVIT_2024-10-21_S2 PW005
P305: PW001_CRNOL_2024-07-28_S2 PW001 | Q305: PW001_CRNOL_2024-07-28_S2 PW001
P306: PW001_CRNBR_2024-07-28_S2 PW001 | Q306: PW001_CRNOL_2024-07-28_S2 PW001
M307: PW009_PLP_2025-07-01_S3 PW009 | N307: PW009_PLP_2025-07-01_S3 PW009 | O307: PW009_PLP_2025-07-01_S3 PW009 | P307: PW009_PLP_2025-07-01_S3 PW009 | Q307: PW009_PLP_2025-07-01_S3 PW009
M308: PW009_PLPROST_2025-06-12_S2 PW009 | N308: PW009_PLPROST_2025-06-12_S2 PW009 | O308: PW009_PLPROST_2025-06-12_S2 PW009 | P308: PW009_PLPROST_2025-06-12_S2 PW009 | Q308: PW009_PLPROST_2025-06-12_S2 PW009
M309: PW009_PLS_2025-06-12_S2 PW009 | N309: PW009_PLS_2025-06-12_S2 PW009 | O309: PW009_PLS_2025-06-12_S2 PW009 | P309: PW009_PLS_2025-06-12_S2 PW009 | Q309: PW009_PLS_2025-06-12_S2 PW009
M310: PW009_PLS_2025-05-29_S1 PW009 | N310: PW009_PLS_2025-05-29_S1 PW009 | O310: PW009_PLS_2025-05-29_S1 PW009 | P310: PW009_PLS_2025-05-29_S1 PW009 | Q310: PW009_PLS_2025-05-29_S1 PW009
M311: PW001_PME_2025-07-19_S2 PW001 | P311: PW001_PME_2025-07-19_S2 PW001 | Q311: PW001_PME_2025-07-19_S2 PW001
M312: PW005_PLRMJ_2025-08-04_S1 PW005 | P312: PW005_PLRMJ_2025-08-04_S1 PW005 | Q312: PW005_PLRMJ_2025-08-04_S1 PW005
M313: PW005_PLRMRZ_2025-08-04_S1 PW005 | P313: PW005_PLRMRZ_2025-08-04_S1 PW005 | Q313: PW005_PLRMRZ_2025-08-04_S1 PW005
M314: PW005_ROLER_2025-08-04_S1 PW005 | P314: PW005_ROLER_2025-08-04_S1 PW005 | Q314: PW005_ROLER_2025-08-04_S1 PW005
M315: PW001_PSA_2025-07-19_S2 PW001 | P315: PW001_PSA_2025-07-19_S2 PW001 | Q315: PW001_PSA_2025-07-19_S2 PW001
M316: PW001_PSA_2025-09-01_S1 PW001 | P316: PW001_PSA_2025-09-01_S1 PW001 | Q316: PW001_PSA_2025-09-01_S1 PW001
M317: PW001_PME_2025-08-23_S3 PW001 | P317: PW001_PME_2025-08-23_S3 PW001 | Q317: PW001_PME_2025-08-23_S3 PW001
M318: PW005_PLT_2025-09-19_S2 PW005 | P318: PW005_PLT_2025-09-19_S2 PW005 | Q318: PW005_PLT_2025-09-19_S2 PW005
M319: PW001_PME_2025-08-23_S3 PW001 | P319: PW001_PME_2025-08-23_S3 PW001 | Q319: PW001_PME_2025-08-23_S3 PW001
M320: PW007_PME_2025-07-17_S2 PW007 | P320: PW007_PME_2025-07-17_S2 PW007 | Q320: PW007_PME_2025-07-17_S2 PW007
M321: PW007_PSA_2025-07-17_S2 PW007 | P321: PW007_PSA_2025-07-17_S2 PW007 | Q321: PW007_PSA_2025-07-17_S2 PW007
M322: PW007_PSA_2025-07-10_S1 PW007 | P322: PW007_PSA_2025-07-10_S1 PW007 | Q322: PW007_PSA_2025-07-10_S1 PW007
... M344: PW002_PLT_2026-02-05_S6 PW002 | P344: PW002_PLT_2026-02-05_S6 PW002 | Q344: PW002_PLT_2026-02-05_S6 PW002

Sheet PW007
C1: Suivi Opération par Ha Pw007
A6: Operation Date | B6: Operation | C6: Serre | D6: Sup | E6: Trage Transport | F6: EQUPE | G6: type operation | H6: Type Ouvrier | I6: Nb Ouvrier | J6: Prix/Ouvrier | K6: Total | L6: prix/trage | M6: Prix Transport
A7: 46149 | B7: NETTOYAGE | C7: 713 | D7: {=IFERROR(_xlfn.XLOOKUP(C7,Code!A:A,Code!B:B),"")} -> 0.9542 | E7: - | F7: - | G7: JRS | H7: ouvrier | I7: 4 | J7: 100 | K7: 400
A8: 46150 | B8: AUTRES TRAVAUX | C8: 705 | D8: {=IFERROR(_xlfn.XLOOKUP(C8,Code!A:A,Code!B:B),"")} -> 0.7592 | E8: LAKHMIS AIIT AMIRA | F8: BELLAID | G8: JRS | H8: ouvrier | I8: 1 | J8: 100 | K8: 100 | L8: 25 | M8: 275
B9: AUTRES TRAVAUX | C9: 706 | D9: {=IFERROR(_xlfn.XLOOKUP(C9,Code!A:A,Code!B:B),"")} -> 1.6433 | E9: LAKHMIS AIIT AMIRA | F9: BELLAID | G9: JRS | H9: ouvrier | I9: 4 | J9: 100 | K9: 400
B10: AUTRES TRAVAUX | C10: 712 | D10: {=IFERROR(_xlfn.XLOOKUP(C10,Code!A:A,Code!B:B),"")} -> 1.0716 | E10: LAKHMIS AIIT AMIRA | F10: BELLAID | G10: JRS | H10: ouvrier | I10: 4 | J10: 125 | K10: 500
B11: AUTRES TRAVAUX | C11: 714 | D11: {=IFERROR(_xlfn.XLOOKUP(C11,Code!A:A,Code!B:B),"")} -> 0.6449 | E11: LAKHMIS AIIT AMIRA | F11: BELLAID | G11: JRS | H11: ouvrier | I11: 2 | J11: 150 | K11: 300
A12: 46162 | B12: RECOLTE | C12: 703 | D12: {=IFERROR(_xlfn.XLOOKUP(C12,Code!A:A,Code!B:B),"")} -> 1.0074 | E12: LAKHMIS AIIT AMIRA | F12: BELLAID(kamal) | G12: JRS | H12: ouvrier | I12: 15 | J12: 100 | K12: 1500 | L12: 30 | M12: 450
B13: AUTRES TRAVAUX | C13: 703 | D13: {=IFERROR(_xlfn.XLOOKUP(C13,Code!A:A,Code!B:B),"")} -> 1.0074 | E13: LAKHMIS AIIT AMIRA | G13: JRS | H13: Caporale | I13: 1 | J13: 120 | K13: 120 | L13: 30 | M13: 30
A14: 46163 | B14: RECOLTE | C14: 703 | D14: {=IFERROR(_xlfn.XLOOKUP(C14,Code!A:A,Code!B:B),"")} -> 1.0074 | E14: LAKHMIS AIIT AMIRA | F14: BELLAID(kamal) | G14: JRS | H14: ouvrier | I14: 19 | J14: 100 | K14: 1900 | L14: 30 | M14: 570
B15: AUTRES TRAVAUX | C15: 703 | D15: {=IFERROR(_xlfn.XLOOKUP(C15,Code!A:A,Code!B:B),"")} -> 1.0074 | E15: LAKHMIS AIIT AMIRA | G15: JRS | H15: Caporale | I15: 1 | J15: 120 | K15: 120 | L15: 30 | M15: 30
A16: 46164 | B16: RECOLTE | C16: 705 | D16: {=IFERROR(_xlfn.XLOOKUP(C16,Code!A:A,Code!B:B),"")} -> 0.7592 | E16: LAKHMIS AIIT AMIRA | F16: BELLAID(kamal) | G16: JRS | H16: ouvrier | I16: 23 | J16: 100 | K16: 2300 | L16: 30 | M16: 690
B17: AUTRES TRAVAUX | C17: 705 | D17: {=IFERROR(_xlfn.XLOOKUP(C17,Code!A:A,Code!B:B),"")} -> 0.7592 | E17: LAKHMIS AIIT AMIRA | G17: JRS | H17: Caporale | I17: 1 | J17: 120 | K17: 120 | L17: 30 | M17: 30
B18: RECOLTE | C18: 705 | D18: {=IFERROR(_xlfn.XLOOKUP(C18,Code!A:A,Code!B:B),"")} -> 0.7592 | E18: LAKHMIS AIIT AMIRA | F18: BELLAID(said) | G18: JRS | H18: ouvrier | I18: 16 | J18: 100 | K18: 1600 | L18: 25 | M18: 400
B19: AUTRES TRAVAUX | C19: 705 | D19: {=IFERROR(_xlfn.XLOOKUP(C19,Code!A:A,Code!B:B),"")} -> 0.7592 | E19: LAKHMIS AIIT AMIRA | G19: JRS | H19: Caporale | I19: 1 | J19: 120 | K19: 120 | L19: 25 | M19: 25
A20: 46165 | B20: RECOLTE | C20: 705 | D20: {=IFERROR(_xlfn.XLOOKUP(C20,Code!A:A,Code!B:B),"")} -> 0.7592 | E20: LAKHMIS AIIT AMIRA | F20: BELLAID(kamal) | G20: JRS | H20: ouvrier | I20: 17 | J20: 100 | K20: 1700 | L20: 30 | M20: 510
B21: AUTRES TRAVAUX | C21: 705 | D21: {=IFERROR(_xlfn.XLOOKUP(C21,Code!A:A,Code!B:B),"")} -> 0.7592 | E21: LAKHMIS AIIT AMIRA | G21: JRS | H21: Caporale | I21: 1 | J21: 120 | K21: 120 | L21: 30 | M21: 30
B22: RECOLTE | C22: 705 | D22: {=IFERROR(_xlfn.XLOOKUP(C22,Code!A:A,Code!B:B),"")} -> 0.7592 | E22: LAKHMIS AIIT AMIRA | F22: BELLAID(said) | G22: JRS | H22: ouvrier | I22: 17 | J22: 100 | K22: 1700 | L22: 25 | M22: 425
B23: AUTRES TRAVAUX | C23: 705 | D23: {=IFERROR(_xlfn.XLOOKUP(C23,Code!A:A,Code!B:B),"")} -> 0.7592 | E23: LAKHMIS AIIT AMIRA | G23: JRS | H23: Caporale | I23: 1 | J23: 1 | K23: 120 | L23: 25 | M23: 25
B24: RECOLTE | C24: 706 | D24: {=IFERROR(_xlfn.XLOOKUP(C24,Code!A:A,Code!B:B),"")} -> 1.6433 | E24: AIN LQLIAA | F24: DRISS(raja) | G24: JRS | H24: ouvrier | I24: 1
B25: AUTRES TRAVAUX | C25: 706 | D25: {=IFERROR(_xlfn.XLOOKUP(C25,Code!A:A,Code!B:B),"")} -> 1.6433 | E25: AIN LQLIAA | G25: JRS | H25: Caporale | I25: 12
A26: 46166 | B26: RECOLTE | C26: 707 | D26: {=IFERROR(_xlfn.XLOOKUP(C26,Code!A:A,Code!B:B),"")} -> 0.6875 | E26: AIN LQLIAA | F26: DRISS(raja) | G26: JRS | H26: ouvrier | I26: 18
B27: CHARGE/DECHARGE | C27: 707 | D27: {=IFERROR(_xlfn.XLOOKUP(C27,Code!A:A,Code!B:B),"")} -> 0.6875 | G27: JRS | H27: ouvrier | I27: 1
B28: AUTRES TRAVAUX | C28: 707 | D28: {=IFERROR(_xlfn.XLOOKUP(C28,Code!A:A,Code!B:B),"")} -> 0.6875 | G28: JRS | H28: Caporale | I28: 1
B29: RECOLTE | C29: 706 | D29: {=IFERROR(_xlfn.XLOOKUP(C29,Code!A:A,Code!B:B),"")} -> 1.6433 | E29: LAKHMIS AIIT AMIRA | F29: BELLAID(kamal) | G29: JRS | H29: ouvrier | I29: 29 | J29: 100 | K29: =SUM(J29*I29) -> 2900 | L29: 30 | M29: =L29*I29 -> 870
B30: CHARGE/DECHARGE | C30: 706 | D30: {=IFERROR(_xlfn.XLOOKUP(C30,Code!A:A,Code!B:B),"")} -> 1.6433 | G30: JRS | H30: ouvrier | I30: 2 | J30: 100 | K30: =SUM(J30*I30) -> 200 | L30: 30 | M30: =L30*I30 -> 60
B31: AUTRES TRAVAUX | C31: 706 | D31: {=IFERROR(_xlfn.XLOOKUP(C31,Code!A:A,Code!B:B),"")} -> 1.6433 | G31: JRS | H31: Caporale | I31: 1 | J31: 120 | K31: =SUM(J31*I31) -> 120 | L31: 30 | M31: =L31*I31 -> 30
B32: RECOLTE | C32: 706 | D32: {=IFERROR(_xlfn.XLOOKUP(C32,Code!A:A,Code!B:B),"")} -> 1.6433 | E32: LAKHMIS AIIT AMIRA | F32: BELLAID(said) | G32: JRS | H32: ouvrier | I32: 17 | J32: 100 | K32: =SUM(J32*I32) -> 1700 | L32: 25 | M32: =L32*I32 -> 425
B33: CHARGE/DECHARGE | C33: 706 | D33: {=IFERROR(_xlfn.XLOOKUP(C33,Code!A:A,Code!B:B),"")} -> 1.6433 | G33: JRS | H33: ouvrier | I33: 1 | J33: 100 | K33: =SUM(J33*I33) -> 100 | L33: 25 | M33: =L33*I33 -> 25
B34: AUTRES TRAVAUX | C34: 706 | D34: {=IFERROR(_xlfn.XLOOKUP(C34,Code!A:A,Code!B:B),"")} -> 1.6433 | G34: JRS | H34: Caporale | I34: 1 | J34: 120 | K34: =SUM(J34*I34) -> 120 | L34: 25 | M34: =L34*I34 -> 25
A35: 46167 | B35: RECOLTE | C35: 707 | D35: {=IFERROR(_xlfn.XLOOKUP(C35,Code!A:A,Code!B:B),"")} -> 0.6875 | E35: LAKHMIS AIIT AMIRA | F35: BELLAID(kamal) | G35: JRS | H35: ouvrier | I35: 14 | J35: 100 | K35: =SUM(J35*I35) -> 1400 | L35: 30 | M35: =L35*I35 -> 420
B36: CHARGE/DECHARGE | C36: 707 | D36: {=IFERROR(_xlfn.XLOOKUP(C36,Code!A:A,Code!B:B),"")} -> 0.6875 | G36: JRS | H36: ouvrier | I36: 1 | J36: 100 | K36: =SUM(J36*I36) -> 100 | L36: 30 | M36: =L36*I36 -> 30
B37: AUTRES TRAVAUX | C37: 707 | D37: {=IFERROR(_xlfn.XLOOKUP(C37,Code!A:A,Code!B:B),"")} -> 0.6875 | G37: JRS | H37: Caporale | I37: 1 | J37: 120 | K37: =SUM(J37*I37) -> 120 | L37: 30 | M37: =L37*I37 -> 30
B38: RECOLTE | C38: 707 | D38: {=IFERROR(_xlfn.XLOOKUP(C38,Code!A:A,Code!B:B),"")} -> 0.6875 | E38: AIN LQLIAA | F38: DRISS(raja) | G38: JRS | H38: ouvrier | I38: 18 | J38: 100 | K38: =SUM(J38*I38) -> 1800 | M38: =L38*I38 -> 0
B39: CHARGE/DECHARGE | C39: 707 | D39: {=IFERROR(_xlfn.XLOOKUP(C39,Code!A:A,Code!B:B),"")} -> 0.6875 | G39: JRS | H39: ouvrier | I39: 1 | J39: 100 | K39: =SUM(J39*I39) -> 100 | M39: =L39*I39 -> 0
B40: AUTRES TRAVAUX | C40: 707 | D40: {=IFERROR(_xlfn.XLOOKUP(C40,Code!A:A,Code!B:B),"")} -> 0.6875 | G40: JRS | H40: Caporale | I40: 1 | J40: 120 | K40: =SUM(J40*I40) -> 120 | M40: =L40*I40 -> 0
B41: RECOLTE | C41: 707 | D41: {=IFERROR(_xlfn.XLOOKUP(C41,Code!A:A,Code!B:B),"")} -> 0.6875 | E41: AIN LQLIAA | F41: BELLAID(hafyda)) | G41: JRS | H41: ouvrier | I41: 18 | J41: 100 | K41: =SUM(J41*I41) -> 1800 | L41: 30 | M41: =L41*I41 -> 540
B42: CHARGE/DECHARGE | C42: 707 | D42: {=IFERROR(_xlfn.XLOOKUP(C42,Code!A:A,Code!B:B),"")} -> 0.6875 | G42: JRS | H42: ouvrier | I42: 0 | J42: 0 | K42: =SUM(J42*I42) -> 0 | L42: 0 | M42: =L42*I42 -> 0
B43: AUTRES TRAVAUX | C43: 707 | D43: {=IFERROR(_xlfn.XLOOKUP(C43,Code!A:A,Code!B:B),"")} -> 0.6875 | G43: JRS | H43: Caporale | I43: 1 | J43: 120 | K43: =SUM(J43*I43) -> 120 | L43: 30 | M43: =L43*I43 -> 30
B44: RECOLTE | C44: 707 | D44: {=IFERROR(_xlfn.XLOOKUP(C44,Code!A:A,Code!B:B),"")} -> 0.6875 | E44: AIN LQLIAA | F44: DRISS(mjid) | G44: JRS | H44: ouvrier | I44: 17 | J44: 10 | K44: =SUM(J44*I44) -> 170 | M44: =L44*I44 -> 0
B45: CHARGE/DECHARGE | C45: 707 | D45: {=IFERROR(_xlfn.XLOOKUP(C45,Code!A:A,Code!B:B),"")} -> 0.6875 | G45: JRS | H45: ouvrier | I45: 0 | J45: 0 | K45: =SUM(J45*I45) -> 0 | M45: =L45*I45 -> 0
B46: AUTRES TRAVAUX | C46: 707 | D46: {=IFERROR(_xlfn.XLOOKUP(C46,Code!A:A,Code!B:B),"")} -> 0.6875 | G46: JRS | H46: Caporale | I46: 1 | J46: 120 | K46: =SUM(J46*I46) -> 120 | M46: =L46*I46 -> 0
B47: RECOLTE | C47: 706 | D47: {=IFERROR(_xlfn.XLOOKUP(C47,Code!A:A,Code!B:B),"")} -> 1.6433 | E47: LAKHMIS AIIT AMIRA | F47: BELLAID(said) | G47: JRS | H47: ouvrier | I47: 14 | J47: 100 | K47: =SUM(J47*I47) -> 1400 | L47: 25 | M47: =L47*I47 -> 350
B48: CHARGE/DECHARGE | C48: 706 | D48: {=IFERROR(_xlfn.XLOOKUP(C48,Code!A:A,Code!B:B),"")} -> 1.6433 | G48: JRS | H48: ouvrier | I48: 1 | J48: 100 | K48: =SUM(J48*I48) -> 100 | L48: 25 | M48: =L48*I48 -> 25
B49: AUTRES TRAVAUX | C49: 706 | D49: {=IFERROR(_xlfn.XLOOKUP(C49,Code!A:A,Code!B:B),"")} -> 1.6433 | G49: JRS | H49: Caporale | I49: 1 | J49: 120 | K49: 100 | L49: 25 | M49: =L49*I49 -> 25
A50: 46170 | B50: RECOLTE | C50: 713 | D50: {=IFERROR(_xlfn.XLOOKUP(C50,Code!A:A,Code!B:B),"")} -> 0.9542 | E50: LAKHMIS AIIT AMIRA | F50: BELLAID(kamal) | G50: JRS | H50: ouvrier | I50: 18 | J50: 100 | K50: 100 | L50: 30 | M50: =L50*I50 -> 540
C51: 718 | D51: {=IFERROR(_xlfn.XLOOKUP(C51,Code!A:A,Code!B:B),"")} -> 0.8827
B52: CHARGE/DECHARGE | C52: 718 | D52: {=IFERROR(_xlfn.XLOOKUP(C52,Code!A:A,Code!B:B),"")} -> 0.8827 | G52: JRS | H52: ouvrier | I52: 1 | J52: 100 | K52: =SUM(J52*I52) -> 100 | L52: 30 | M52: =L52*I52 -> 30
C53: 713 | D53: {=IFERROR(_xlfn.XLOOKUP(C53,Code!A:A,Code!B:B),"")} -> 0.9542
B54: AUTRES TRAVAUX | C54: 718 | D54: {=IFERROR(_xlfn.XLOOKUP(C54,Code!A:A,Code!B:B),"")} -> 0.8827 | G54: JRS | H54: Caporale | I54: 1 | J54: 120 | K54: =SUM(J54*I54) -> 120 | L54: 30 | M54: =L54*I54 -> 30
C55: 713 | D55: {=IFERROR(_xlfn.XLOOKUP(C55,Code!A:A,Code!B:B),"")} -> 0.9542
A56: 46171 | B56: RECOLTE | C56: 702 | D56: {=IFERROR(_xlfn.XLOOKUP(C56,Code!A:A,Code!B:B),"")} -> 0.9585 | E56: LAKHMIS AIIT AMIRA | F56: BELLAID(said) | G56: JRS | H56: ouvrier | I56: 10 | J56: 100 | K56: =SUM(J56*I56) -> 1000 | L56: 25 | M56: =L56*I56 -> 250
B57: CHARGE/DECHARGE | C57: 702 | D57: {=IFERROR(_xlfn.XLOOKUP(C57,Code!A:A,Code!B:B),"")} -> 0.9585 | H57: ouvrier | I57: 1 | J57: 100 | K57: =SUM(J57*I57) -> 100 | L57: 25 | M57: =L57*I57 -> 25
B58: AUTRES TRAVAUX | C58: 702 | D58: {=IFERROR(_xlfn.XLOOKUP(C58,Code!A:A,Code!B:B),"")} -> 0.9585 | H58: Caporale | I58: 1 | J58: 120 | K58: =SUM(J58*I58) -> 120 | L58: 25 | M58: =L58*I58 -> 25
B59: RECOLTE | D59: {=IFERROR(_xlfn.XLOOKUP(C59,Code!A:A,Code!B:B),"")} | E59: LAKHMIS AIIT AMIRA | F59: BELLAID(kamal) | G59: JRS | H59: ouvrier | I59: 18 | J59: 100 | K59: =SUM(J59*I59) -> 1800 | L59: 30 | M59: =L59*I59 -> 540
B60: CHARGE/DECHARGE | D60: {=IFERROR(_xlfn.XLOOKUP(C60,Code!A:A,Code!B:B),"")} | H60: ouvrier | I60: 1 | J60: 100 | K60: =SUM(J60*I60) -> 100 | L60: 30 | M60: =L60*I60 -> 30
B61: AUTRES TRAVAUX | D61: {=IFERROR(_xlfn.XLOOKUP(C61,Code!A:A,Code!B:B),"")} | H61: Caporale | I61: 1 | J61: 120 | K61: =SUM(J61*I61) -> 120 | L61: 30 | M61: =L61*I61 -> 30
A62: 46172 | B62: AUTRES TRAVAUX | C62: 702 | D62: {=IFERROR(_xlfn.XLOOKUP(C62,Code!A:A,Code!B:B),"")} -> 0.9585 | E62: LAKHMIS AIT AMIRA | F62: BELLAID (KAMAL) | G62: JRS | H62: Caporale | I62: 1 | J62: 120 | K62: 120 | L62: 30 | M62: 30
B63: RECOLTE | C63: 702 | D63: {=IFERROR(_xlfn.XLOOKUP(C63,Code!A:A,Code!B:B),"")} -> 0.9585 | H63: ouvrier | I63: 13 | J63: 100 | K63: 1300 | L63: 30 | M63: 390
B64: AUTRES TRAVAUX | C64: 702 | D64: {=IFERROR(_xlfn.XLOOKUP(C64,Code!A:A,Code!B:B),"")} -> 0.9585 | E64: LAKHMIS AIT AMIRA | F64: BELAID (SAID) | G64: JRS | H64: Caporale | I64: 1 | J64: 120 | K64: 120 | L64: 25 | M64: 25
B65: RECOLTE | C65: 702 | D65: {=IFERROR(_xlfn.XLOOKUP(C65,Code!A:A,Code!B:B),"")} -> 0.9585 | H65: ouvrier | I65: 9 | J65: 100 | K65: 900 | L65: 25 | M65: 225
B66: AUTRES TRAVAUX | C66: 703 | D66: {=IFERROR(_xlfn.XLOOKUP(C66,Code!A:A,Code!B:B),"")} -> 1.0074 | E66: LAKHMIS AIT AMIRA | F66: DRISS(mjid) | G66: JRS | H66: Caporale | I66: 1
B67: RECOLTE | C67: 703 | D67: {=IFERROR(_xlfn.XLOOKUP(C67,Code!A:A,Code!B:B),"")} -> 1.0074 | H67: ouvrier | I67: 14
A68: 46173 | B68: AUTRES TRAVAUX | C68: 704 | D68: {=IFERROR(_xlfn.XLOOKUP(C68,Code!A:A,Code!B:B),"")} -> 1.1826 | E68: LAKHMIS AIT AMIRA | F68: BELAID(KAMAL) | G68: JRS | H68: Caporale | I68: 1 | J68: 120 | K68: 120 | L68: 30 | M68: 30
B69: RECOLTE | C69: 704 | D69: {=IFERROR(_xlfn.XLOOKUP(C69,Code!A:A,Code!B:B),"")} -> 1.1826 | H69: ouvrier | I69: 20 | J69: 100 | K69: 2000 | L69: 30 | M69: 600
B70: AUTRES TRAVAUX | C70: 704 | D70: {=IFERROR(_xlfn.XLOOKUP(C70,Code!A:A,Code!B:B),"")} -> 1.1826 | E70: LAKHMIS AIT AMIRA | F70: BELAID (SAID) | G70: JRS | H70: Caporale | I70: 1 | J70: 120 | K70: 120 | L70: 25 | M70: 25
B71: RECOLTE | C71: 704 | D71: {=IFERROR(_xlfn.XLOOKUP(C71,Code!A:A,Code!B:B),"")} -> 1.1826 | H71: ouvrier | I71: 11 | J71: 100 | K71: 1100 | L71: 25 | M71: 275
B72: AUTRES TRAVAUX | C72: 705 | D72: {=IFERROR(_xlfn.XLOOKUP(C72,Code!A:A,Code!B:B),"")} -> 0.7592 | E72: LAKHMIS AIT AMIRA | F72: DRISS(mjid) | G72: JRS | H72: Caporale | I72: 1
B73: RECOLTE | C73: 705 | D73: {=IFERROR(_xlfn.XLOOKUP(C73,Code!A:A,Code!B:B),"")} -> 0.7592 | H73: ouvrier | I73: 16
A74: 46174 | B74: AUTRES TRAVAUX | C74: 705 | D74: {=IFERROR(_xlfn.XLOOKUP(C74,Code!A:A,Code!B:B),"")} -> 0.7592 | E74: LAKHMIS AIT AMIRA | F74: BELAID(KAMAL) | G74: JRS | H74: Caporale | I74: 1 | J74: 120 | K74: 120 | L74: 30 | M74: 30
B75: RECOLTE | C75: 705 | D75: {=IFERROR(_xlfn.XLOOKUP(C75,Code!A:A,Code!B:B),"")} -> 0.7592 | H75: ouvrier | I75: 15 | J75: 100 | K75: 1500 | L75: 30 | M75: 450
B76: AUTRES TRAVAUX | C76: 705 | D76: {=IFERROR(_xlfn.XLOOKUP(C76,Code!A:A,Code!B:B),"")} -> 0.7592 | E76: LAKHMIS AIT AMIRA | F76: DRISS(mjid) | G76: JRS | H76: Caporale | I76: 1
B77: RECOLTE | C77: 705 | D77: {=IFERROR(_xlfn.XLOOKUP(C77,Code!A:A,Code!B:B),"")} -> 0.7592 | H77: ouvrier | I77: 15
B78: AUTRES TRAVAUX | C78: 705 | D78: {=IFERROR(_xlfn.XLOOKUP(C78,Code!A:A,Code!B:B),"")} -> 0.7592 | E78: LAKHMIS AIT AMIRA | F78: BELAID (SAID) | G78: JRS | H78: Caporale | I78: 1 | J78: 120 | K78: 120 | L78: 25 | M78: 25
B79: RECOLTE | C79: 705 | D79: {=IFERROR(_xlfn.XLOOKUP(C79,Code!A:A,Code!B:B),"")} -> 0.7592 | H79: ouvrier | I79: 10 | J79: 100 | K79: 1000 | L79: 25 | M79: 250
A80: 46175 | B80: AUTRES TRAVAUX | C80: 706 | D80: {=IFERROR(_xlfn.XLOOKUP(C80,Code!A:A,Code!B:B),"")} -> 1.6433 | E80: LAKHMIS AIT AMIRA | F80: BELAID(KAMAL) | G80: JRS | H80: Caporale | I80: 1 | J80: 120 | K80: 120 | L80: 30 | M80: 30
B81: RECOLTE | C81: 706 | D81: {=IFERROR(_xlfn.XLOOKUP(C81,Code!A:A,Code!B:B),"")} -> 1.6433 | H81: ouvrier | I81: 16 | J81: 100 | K81: 1600 | L81: 30 | M81: 480
B82: AUTRES TRAVAUX | C82: 706 | D82: {=IFERROR(_xlfn.XLOOKUP(C82,Code!A:A,Code!B:B),"")} -> 1.6433 | E82: LAKHMIS AIT AMIRA | F82: DRISS(mjid) | G82: JRS | H82: Caporale | I82: 1
B83: RECOLTE | C83: 706 | D83: {=IFERROR(_xlfn.XLOOKUP(C83,Code!A:A,Code!B:B),"")} -> 1.6433 | H83: ouvrier | I83: 18
B84: AUTRES TRAVAUX | C84: 710 | D84: {=IFERROR(_xlfn.XLOOKUP(C84,Code!A:A,Code!B:B),"")} -> 1.0179 | E84: LAKHMIS AIT AMIRA | F84: BELAID (SAID) | G84: JRS | H84: Caporale | I84: 1 | J84: 120 | K84: 120 | L84: 25 | M84: 25
B85: RECOLTE | C85: 710 | D85: {=IFERROR(_xlfn.XLOOKUP(C85,Code!A:A,Code!B:B),"")} -> 1.0179 | H85: ouvrier | I85: 10 | J85: 100 | K85: 1000 | L85: 25 | M85: 250
A86: 46176 | B86: AUTRES TRAVAUX | C86: 706 | D86: {=IFERROR(_xlfn.XLOOKUP(C86,Code!A:A,Code!B:B),"")} -> 1.6433 | E86: LAKHMIS AIT AMIRA | F86: BELAID(KAMAL) | G86: JRS | H86: Caporale | I86: 1 | J86: 120 | K86: 120 | L86: 30 | M86: 30
B87: RECOLTE | C87: 706 | D87: {=IFERROR(_xlfn.XLOOKUP(C87,Code!A:A,Code!B:B),"")} -> 1.6433 | H87: ouvrier | I87: 19 | J87: 100 | K87: 1900 | L87: 30 | M87: 570
B88: AUTRES TRAVAUX | C88: 706 | D88: {=IFERROR(_xlfn.XLOOKUP(C88,Code!A:A,Code!B:B),"")} -> 1.6433 | E88: LAKHMIS AIT AMIRA | F88: DRISS(mjid) | G88: JRS | H88: Caporale | I88: 1
B89: RECOLTE | C89: 706 | D89: {=IFERROR(_xlfn.XLOOKUP(C89,Code!A:A,Code!B:B),"")} -> 1.6433 | H89: ouvrier | I89: 17
B90: AUTRES TRAVAUX | C90: 706 | D90: {=IFERROR(_xlfn.XLOOKUP(C90,Code!A:A,Code!B:B),"")} -> 1.6433 | E90: LAKHMIS AIT AMIRA | F90: BELAID (SAID) | G90: JRS | H90: Caporale | I90: 1 | J90: 120 | K90: 120 | L90: 25 | M90: 25
B91: RECOLTE | C91: 706 | D91: {=IFERROR(_xlfn.XLOOKUP(C91,Code!A:A,Code!B:B),"")} -> 1.6433 | H91: ouvrier | I91: 12 | J91: 100 | K91: 1200 | L91: 25 | M91: 300
A92: 46177 | B92: AUTRES TRAVAUX | C92: 708 | D92: {=IFERROR(_xlfn.XLOOKUP(C92,Code!A:A,Code!B:B),"")} -> 0.9269 | E92: LAKHMIS AIT AMIRA | F92: BELAID(KAMAL) | G92: JRS | H92: Caporale | I92: 1 | J92: 120 | K92: 120 | L92: 30 | M92: 30
B93: RECOLTE | C93: 708 | D93: {=IFERROR(_xlfn.XLOOKUP(C93,Code!A:A,Code!B:B),"")} -> 0.9269 | H93: ouvrier | I93: 18 | J93: 100 | K93: 1800 | L93: 30 | M93: 540
B94: AUTRES TRAVAUX | C94: 707 | D94: {=IFERROR(_xlfn.XLOOKUP(C94,Code!A:A,Code!B:B),"")} -> 0.6875 | E94: LAKHMIS AIT AMIRA | F94: DRISS(mjid) | G94: JRS | H94: Caporale | I94: 1
B95: RECOLTE | C95: 707 | D95: {=IFERROR(_xlfn.XLOOKUP(C95,Code!A:A,Code!B:B),"")} -> 0.6875 | H95: ouvrier | I95: 24
B96: AUTRES TRAVAUX | C96: 710 | D96: {=IFERROR(_xlfn.XLOOKUP(C96,Code!A:A,Code!B:B),"")} -> 1.0179 | E96: LAKHMIS AIT AMIRA | F96: BELAID (SAID) | G96: JRS | H96: Caporale | I96: 1 | J96: 120 | K96: 120 | L96: 25 | M96: 25
B97: RECOLTE | C97: 710 | D97: {=IFERROR(_xlfn.XLOOKUP(C97,Code!A:A,Code!B:B),"")} -> 1.0179 | H97: ouvrier | I97: 12 | J97: 100 | K97: 1200 | L97: 25 | M97: 300
A98: 46178 | B98: AUTRES TRAVAUX | C98: 716 | D98: {=IFERROR(_xlfn.XLOOKUP(C98,Code!A:A,Code!B:B),"")} -> 0.8559 | E98: LAKHMIS AIT AMIRA | F98: BELAID (SAID) | G98: JRS | H98: Caporale | I98: 1 | J98: 120 | K98: 120 | L98: 25 | M98: 25
B99: RECOLTE | C99: 716 | D99: {=IFERROR(_xlfn.XLOOKUP(C99,Code!A:A,Code!B:B),"")} -> 0.8559 | H99: ouvrier | I99: 15 | J99: 100 | K99: 1500 | L99: 25 | M99: 375
B100: AUTRES TRAVAUX | C100: 701 | D100: {=IFERROR(_xlfn.XLOOKUP(C100,Code!A:A,Code!B:B),"")} -> 0.8672 | E100: LAKHMIS AIT AMIRA | F100: DRISS(mjid) | G100: JRS | H100: Caporale | I100: 1
B101: RECOLTE | C101: 701 | D101: {=IFERROR(_xlfn.XLOOKUP(C101,Code!A:A,Code!B:B),"")} -> 0.8672 | H101: ouvrier | I101: 19
B102: AUTRES TRAVAUX | C102: 708 | D102: {=IFERROR(_xlfn.XLOOKUP(C102,Code!A:A,Code!B:B),"")} -> 0.9269 | E102: LAKHMIS AIT AMIRA | F102: BELAID(KAMAL) | G102: JRS | H102: Caporale | I102: 1 | J102: 120 | K102: 120 | L102: 30 | M102: 30
B103: RECOLTE | C103: 708 | D103: {=IFERROR(_xlfn.XLOOKUP(C103,Code!A:A,Code!B:B),"")} -> 0.9269 | H103: ouvrier | I103: 19 | J103: 100 | K103: 1900 | L103: 30 | M103: 570
A104: 46179 | B104: AUTRES TRAVAUX | C104: 701 | D104: {=IFERROR(_xlfn.XLOOKUP(C104,Code!A:A,Code!B:B),"")} -> 0.8672 | E104: LAKHMIS AIT AMIRA | F104: BELAID(KAMAL) | G104: JRS | H104: Caporale | I104: 1 | J104: 120 | K104: 120 | L104: 30 | M104: 30
...

Sheet PW008
C1: Suivi Opération par Ha Pw008
A3: Operation Date | B3: Operation | C3: Serre | D3: Sup | E3: EQUIPE | F3: Type Operation | G3: prix/jour | H3: total ouvrier | I3: OUVRIES | J3: % Avensment | K3: Montant Paye | L3: Trage Transport | M3: Nb Ouvrier | N3: TYPE DE TRANSPORT | O3: Prix/TRANSPORT | P3: TOTAL PAYE | Q3: RECEVOIR UN BON
A4: 46113 | B4: NETTOYAGE FIN COMPAGNE | C4: 807 | F4: JRS | G4: 110 | H4: 17 | I4: OUVRIER | J4: 1 | K4: 1870 | L4: AIT AMIRA | M4: 18 | N4: VOYAGE | O4: 400 | P4: 2400 | Q4: OK
F5: JRS | G5: 130 | H5: 1 | I5: CAPORALE | K5: 130
A6: 46115 | B6: NETTOYAGE FIN COMPAGNE | C6: 807 | F6: JRS | G6: 100 | H6: 11 | I6: OUVRIER | J6: 1 | K6: 1100 | L6: AIT AMIRA | M6: 12 | N6: VOYAGE | O6: 400 | P6: 1662 | Q6: OK
F7: JRS | G7: 100 | H7: 1 | I7: CAPORALE | K7: 100
F8: JRS | G8: 62 | H8: 1 | I8: OUVRIER | K8: 62
A9: 46116 | B9: NETTOYAGE FIN COMPAGNE | C9: 807 | F9: JRS | G9: 100 | H9: 12 | I9: OUVRIER | J9: 1 | K9: 1200 | L9: AIT AMIRA | M9: 13 | N9: VOYAGE | O9: 400 | P9: 1700 | Q9: OK
F10: JRS | G10: 100 | H10: 1 | I10: CAPORALE | J10: 1 | K10: 100
A11: 46117 | B11: NETTOYAGE FIN COMPAGNE | C11: 813 | F11: JRS | G11: 120 | H11: 3 | I11: OUVRIER | J11: 1 | K11: 360 | L11: AIT AMIRA | M11: 12 | N11: VOYAGE | O11: 400 | P11: 1800 | Q11: OK
F12: JRS | G12: 110 | H12: 1 | I12: OUVRIER | K12: 110
F13: JRS | G13: 230 | H13: 1 | I13: OUVRIER | K13: 230
F14: JRS | G14: 100 | H14: 7 | I14: OUVRIER | K14: 700
A15: 46118 | B15: NETTOYAGE FIN COMPAGNE | C15: 813 | F15: JRS | G15: 200 | H15: 5 | I15: OUVRIER | J15: 1 | K15: 1000 | L15: AIT AMIRA | M15: 14 | N15: VOYAGE | O15: 400 | P15: 2500 | Q15: OK
F16: JRS | G16: 150 | H16: 2 | I16: OUVRIER | K16: 300
F17: JRS | G17: 100 | H17: 2 | I17: OUVRIER | K17: 200
F18: JRS | G18: 120 | H18: 5 | I18: OUVRIER | K18: 600
A19: 46119 | B19: NETTOYAGE FIN COMPAGNE | C19: 813 | F19: JRS | G19: 100 | H19: 5 | I19: OUVRIER | J19: 1 | K19: 500 | L19: AIT AMIRA | M19: 6 | N19: VOYAGE | O19: 400 | P19: 1020 | Q19: OK
F20: JRS | G20: 120 | H20: 1 | I20: OUVRIER | K20: 120
A21: 46125 | B21: FIBRE COCO DESTRIBUTION | C21: 805 | F21: JRS | G21: 100 | H21: 11 | I21: OUVRIER | J21: 1 | K21: 1100 | L21: KAMAL QLIAA | M21: 12 | N21: 12*25 | O21: 300 | P21: 1520 | Q21: OK
F22: JRS | G22: 120 | H22: 1 | I22: CAPORALE | K22: 120
A23: 46130 | B23: FIBRE COCO DESTRIBUTION | C23: 807 | F23: JRS | G23: 120 | H23: 10 | I23: OUVRIER | J23: 1 | K23: 1200 | L23: AIT AMIRA | M23: 19 | N23: VOYAGE | O23: 400 | P23: 2530 | Q23: OK
A24: 46130 | B24: BURMISATION | F24: JRS | G24: 130 | H24: 1 | I24: OUVRIER | J24: 1 | K24: 130
A25: 46130 | B25: BURMISATION | F25: JRS | G25: 100 | H25: 8 | I25: OUVRIER | J25: 1 | K25: 800
A26: 46130 | B26: BURMISATION | C26: 806 | F26: JRS | G26: 100 | H26: 3 | I26: OUVRIER | J26: 1 | K26: 300 | L26: PROPRE MOYEN | M26: 0 | N26: -- | O26: 0 | P26: 300 | Q26: OK
A27: 46131 | B27: BURMISATION | C27: 809 | F27: JRS | G27: 120 | H27: 5 | I27: OUVRIER | J27: 1 | K27: 600 | L27: AIT AMIRA | M27: 13 | N27: VOYAGE | O27: 400 | P27: 2300 | Q27: OK
A28: 46131 | B28: BURMISATION | C28: 809 | F28: JRS | G28: 150 | H28: 2 | I28: OUVRIER | J28: 1 | K28: 300
A29: 46131 | B29: FIBRE COCO DESTRIBUTION | C29: 809 | F29: JRS | G29: 170 | H29: 5 | I29: OUVRIER | J29: 1 | K29: 850
A30: 46131 | B30: FIBRE COCO DESTRIBUTION | C30: 809 | F30: JRS | G30: 150 | H30: 1 | I30: OUVRIER | J30: 1 | K30: 150
A31: 46132 | B31: BURMISATION | C31: 809 | F31: JRS | G31: 100 | H31: 13 | I31: OUVRIER | J31: 1 | K31: 1300 | L31: KAMAL QLIAA | M31: 17 | N31: 25*17 | O31: 425 | P31: 2095 | Q31: OK
A32: 46132 | B32: BURMISATION | C32: 809 | F32: JRS | G32: 50 | H32: 1 | I32: OUVRIER | J32: 0.5 | K32: 50
A33: 46132 | B33: FIBRE COCO DESTRIBUTION | C33: 809 | F33: JRS | G33: 100 | H33: 2 | I33: OUVRIER | J33: 1 | K33: 200
A34: 46132 | B34: BURMISATION | C34: 809 | F34: JRS | G34: 120 | H34: 1 | I34: CAPORALE | J34: 1 | K34: 120
A35: 46132 | B35: FIBRE COCO DESTRIBUTION | C35: 811 | F35: JRS | G35: 165 | H35: 5 | I35: OUVRIER | J35: 1 | K35: 825 | L35: AIT AMIRA | M35: 20 | N35: VOYAGE | O35: 400 | P35: 3282 | Q35: OK
F36: JRS | G36: 175 | H36: 1 | I36: OUVRIER | J36: 1 | K36: 175
A37: 46132 | B37: BURMISATION | C37: 811 | F37: JRS | G37: 120 | H37: 7 | I37: OUVRIER | J37: 1 | K37: 840
F38: JRS | G38: 150 | H38: 2 | I38: OUVRIER | J38: 1 | K38: 300
F39: JRS | G39: 165 | H39: 1 | I39: OUVRIER | J39: 1 | K39: 165
F40: JRS | G40: 127 | H40: 1 | I40: OUVRIER | J40: 1 | K40: 127
F41: JRS | G41: 150 | H41: 3 | I41: CAPORALE | J41: 1 | K41: 450
A42: 46133 | B42: FIBRE COCO DESTRIBUTION | C42: 809 | F42: JRS | G42: 100 | H42: 10 | I42: OUVRIER | J42: 1 | K42: 1000 | L42: KAMAL LKALIAA | M42: 25 | N42: 25*25 | O42: 625 | P42: 3145 | Q42: OK
A43: 46133 | B43: FIBRE COCO DESTRIBUTION | C43: 811 | F43: JRS | G43: 100 | H43: 14 | I43: OUVRIER | J43: 1 | K43: 1400
A44: 46133 | B44: FIBRE COCO DESTRIBUTION | C44: 811 | F44: JRS | G44: 120 | H44: 1 | I44: CAPORALE | J44: 1 | K44: 120
A45: 46133 | B45: FIBRE COCO DESTRIBUTION | C45: 810 | F45: JRS | G45: 150 | H45: 4 | I45: OUVRIER | J45: 1 | K45: 600 | L45: AIT AMIRA | M45: 20 | N45: VOYAGE | O45: 400 | P45: 3010 | Q45: OK
A46: 46133 | B46: BURMISATION | C46: 803 | F46: JRS | G46: 130 | H46: 2 | I46: OUVRIER | J46: 1 | K46: 260
A47: 46133 | B47: FIBRE COCO DESTRIBUTION | C47: 803 | F47: JRS | G47: 130 | H47: 4 | I47: OUVRIER | J47: 1 | K47: 520
A48: 46133 | F48: JRS | G48: 150 | H48: 1 | I48: CAPORALE | J48: 1 | K48: 150
A49: 46133 | B49: GENERALISIE | C49: 812 | F49: JRS | G49: 120 | H49: 9 | I49: OUVRIER | J49: 1 | K49: 1080
A50: 46134 | B50: BURMISATION | C50: 805+806 | F50: JRS | G50: 100 | H50: 19 | I50: OUVRIER | J50: 1 | K50: 1900 | L50: KAMAL QLIAA | M50: 26 | N50: 26*25 | O50: 650 | P50: 3270 | Q50: OK
A51: 46134 | B51: BURMISATION | C51: 808 | F51: JRS | G51: 100 | H51: 6 | I51: OUVRIER | J51: 1 | K51: 600
A52: 46134 | B52: BURMISATION | C52: 805+806 | F52: JRS | G52: 120 | H52: 1 | I52: CAPORALE | J52: 1 | K52: 120
A53: 46134 | B53: BURMISATION | C53: 807 | G53: 150 | H53: 6 | I53: OUVRIER | J53: 1 | K53: 900 | L53: AIT AMIRA | M53: 19 | N53: VOYAGE | O53: 400 | P53: 2806 | Q53: OK
A54: 46134 | B54: BURMISATION | C54: 813 | F54: JRS | G54: 120 | H54: 10 | I54: OUVRIER | J54: 1 | K54: 1200
A55: 46134 | B55: BURMISATION | C55: 808 | F55: JRS | G55: 140 | H55: 1 | I55: OUVRIER | J55: 1 | K55: 140
A56: 46134 | B56: GENERALISIE | C56: 813 | F56: JRS | G56: 50 | H56: 1 | I56: OUVRIER | J56: 1 | K56: 50
A57: 46134 | B57: BURMISATION | C57: 807 | F57: JRS | G57: 116 | H57: 1 | I57: OUVRIER | J57: 1 | K57: 116
A58: 46135 | B58: GENERALISIE | C58: 813 | F58: JRS | G58: 180 | H58: 2 | I58: OUVRIER | J58: 1 | L58: AIT AMIRA | M58: 18 | N58: VOYAGE | O58: 400 | P58: 3401 | Q58: OK
A59: 46135 | B59: FIBRE COCO DESTRIBUTION | C59: 811 | F59: JRS | G59: 200 | H59: 2 | I59: OUVRIER | J59: 1 | K59: 400
A60: 46135 | B60: BURMISATION | C60: 804 | F60: JRS | G60: 241 | H60: 1 | I60: OUVRIER | J60: 1 | K60: 241
A61: 46135 | B61: BILLONAGE | C61: 809 | F61: JRS | G61: 160 | H61: 3 | I61: OUVRIER | J61: 1 | K61: 480
A62: 46135 | B62: FIBRE COCO DESTRIBUTION | C62: 812 | F62: JRS | G62: 132.5 | H62: 4 | I62: OUVRIER | J62: 1 | K62: 530
A63: 46135 | B63: BILLONAGE | C63: 808 | F63: JRS | G63: 190 | H63: 4 | I63: OUVRIER | J63: 1 | K63: 760
A64: 46135 | B64: BILLONAGE | C64: 804 | F64: JRS | G64: 115 | H64: 2 | I64: OUVRIER | J64: 1 | K64: 230
A65: 46136 | B65: BILLONAGE | C65: 804 | F65: JRS | G65: 100 | H65: 1 | I65: OUVRIER | J65: 1 | K65: 100 | L65: AIT AMIRA | M65: 17 | N65: WOYAGE | O65: 400 | P65: 3126 | Q65: OK
A66: 46136 | F66: JRS | G66: 116 | H66: 1 | I66: OUVRIER | J66: 1 | K66: 116
A67: 46136 | F67: JRS | G67: 170 | H67: 1 | I67: OUVRIER | J67: 1 | K67: 170
A68: 46136 | F68: JRS | G68: 270 | H68: 1 | I68: OUVRIER | J68: 1 | K68: 270
A69: 46136 | B69: BILLONAGE | C69: 811 | F69: JRS | G69: 240 | H69: 3 | I69: OUVRIER | J69: 1 | K69: 720
A70: 46136 | B70: BURMISATION | C70: 812 | F70: JRS | G70: 120 | H70: 6 | I70: OUVRIER | J70: 1 | K70: 720
A71: 46136 | B71: BILLOANAGE | C71: 811 | F71: JRS | G71: 150 | H71: 1 | I71: OUVRIER | J71: 1 | K71: 150
A72: 46136 | F72: JRS | G72: 144 | H72: 1 | I72: OUVRIER | J72: 1 | K72: 144
A73: 46136 | B73: BURMISATION | C73: 812 | F73: JRS | G73: 156 | H73: 1 | I73: OUVRIER | J73: 1 | K73: 156
A74: 46136 | F74: JRS | G74: 180 | H74: 1 | I74: OUVRIER | J74: 1 | K74: 180
A75: 46137 | B75: BILLONAGE | C75: 809 | F75: JRS | G75: 200 | H75: 2 | I75: OUVRIER | J75: 1 | K75: 400 | L75: AIT AMIRA | M75: 18 | N75: VOYAGE | O75: 400 | P75: 3260 | Q75: OK
A76: 46137 | B76: BURMISATION | C76: 809 | F76: JRS | G76: 150 | H76: 2 | I76: OUVRIER | J76: 1 | K76: 300
A77: 46137 | C77: 812 | F77: JRS | G77: 120 | H77: 4 | I77: OUVRIER | J77: 1 | K77: 480
A78: 46137 | F78: JRS | G78: 144 | H78: 1 | I78: OUVRIER | J78: 1 | K78: 144
A79: 46137 | B79: BURMISATION | F79: JRS | G79: 136 | H79: 1 | I79: OUVRIER | J79: 1 | K79: 136
A80: 46137 | C80: 813 | F80: JRS | G80: 140 | H80: 10 | I80: OUVRIER | J80: 1 | K80: 1400
A81: 46138 | B81: BILLONAGE | C81: 809 | F81: JRS | G81: 156 | H81: 1 | I81: OUVRIER | J81: 1 | K81: 156 | L81: AIT AMIRA | M81: 20 | N81: VOYAGE | O81: 400 | P81: 3360
F82: JRS | G82: 150 | H82: 2 | I82: OUVRIER | J82: 1 | K82: 300
F83: JRS | G83: 100 | H83: 3 | I83: OUVRIER | J83: 1 | K83: 300
F84: JRS | G84: 110 | H84: 1 | I84: OUVRIER | J84: 1 | K84: 110
F85: JRS | G85: 170 | H85: 2 | I85: OUVRIER | J85: 1 | K85: 340
B86: BURMISATION | C86: 813 | F86: JRS | G86: 164 | H86: 2 | I86: OUVRIER | J86: 1 | K86: 328
F87: JRS | G87: 208 | H87: 1 | I87: OUVRIER | J87: 1 | K87: 208
F88: JRS | G88: 120 | H88: 2 | I88: OUVRIER | J88: 1 | K88: 240
F89: JRS | G89: 134 | H89: 1 | I89: OUVRIER | J89: 1 | K89: 134
F90: JRS | G90: 160 | H90: 3 | I90: OUVRIER | J90: 1 | K90: 480
F91: JRS | G91: 180 | H91: 1 | I91: OUVRIER | J91: 1 | K91: 180
F92: JRS | G92: 184 | H92: 1 | I92: OUVRIER | J92: 1 | K92: 184
A93: 46139 | B93: BILLONAGE | C93: 812 | F93: JRS | G93: 200 | H93: 3 | I93: OUVRIER | J93: 1 | K93: 600 | L93: AIT AMIRA | M93: 17 | N93: VOYAGE | O93: 400 | P93: 3172
C94: 813 | F94: JRS | G94: 150 | H94: 7 | I94: OUVRIER | J94: 1 | K94: 1050
F95: JRS | G95: 170 | H95: 1 | I95: OUVRIER | J95: 1 | K95: 170
C96: 812 | F96: JRS | G96: 120 | H96: 1 | I96: OUVRIER | J96: 1 | K96: 120
F97: JRS | G97: 144 | H97: 2 | I97: OUVRIER | J97: 1 | K97: 288
F98: JRS | G98: 208 | H98: 1 | I98: OUVRIER | J98: 1 | K98: 208
F99: JRS | G99: 184 | H99: 1 | I99: OUVRIER | J99: 1 | K99: 184
F100: JRS | G100: 152 | H100: 1 | I100: OUVRIER | J100: 1 | K100: 152
A102: 46176 | B102: EFFULLAGE | C102: 810 | E102: DRISS RACHIDA | F102: JRS | H102: 9 | I102: OUVRIER | J102: 1 | L102: AIN QLIAA | M102: 10
...

Sheet PW009
C1: Suivi Opération par Ha Pw 009
H3: SITUATION DES OUVRIERS | M3: SITUATION DES TRANSPORTE
A5: Opération Date | B5: Operation | C5: Serre | D5: Sup | E5: EQUIPE | F5: TRAGE | G5: TYPE OUVRIERS | H5: NB OUVRIERS | I5: CAPORAL | J5: PRIX CAPORAL (DH) | K5: prix / OUVRIERS (DH) | L5: Total (DH) | M5: TRANSPORT | N5: PRIX TRANSPORT (DH) | O5: TOTAL TRANSPORT (DH) | P5: TOTAL PAYÉ (DH)
A6: 46177 | B6: RECOLTE | C6: 906 | D6: {=IFERROR(_xlfn.XLOOKUP(C6,Code!A:A,Code!B:B),"")} -> 0.68 | E6: BELAID (HADDIA) | F6: AIT OUAGMAR | G6: JRS | H6: 7 | I6: 1 | J6: 120 | K6: 100 | L6: =H6*K6+J6 -> 820 | M6: PERSONNE | N6: 20 | O6: =(H6+I6)*N6 -> 160 | P6: =O6+L6 -> 980
A7: 46177 | B7: RECOLTE | C7: 907 | D7: {=IFERROR(_xlfn.XLOOKUP(C7,Code!A:A,Code!B:B),"")} -> 0.64 | E7: DRISS (HABIBA ABBAKHA) | F7: AIT OUAGMAR | H7: 13 | I7: 1 | J7: - | K7: - | L7: - | N7: - | O7: - | P7: -
A8: 46178 | B8: RECOLTE | C8: 906 | D8: {=IFERROR(_xlfn.XLOOKUP(C8,Code!A:A,Code!B:B),"")} -> 0.68 | E8: BELAID (HADDIA) | F8: AIT OUAGMAR | G8: JRS | H8: 8 | I8: 1 | J8: 120 | K8: 100 | L8: =H8*K8 -> 800 | M8: PERSONNE | N8: 20 | O8: =N8*H8 -> 160 | P8: =O8+L8 -> 960
A9: 46178 | B9: RECOLTE | C9: 907 | D9: {=IFERROR(_xlfn.XLOOKUP(C9,Code!A:A,Code!B:B),"")} -> 0.64 | E9: DRISS (HABIBA ABBAKHA) | F9: AIT OUAGMAR | H9: 17 | I9: 1 | J9: - | K9: - | L9: - | N9: - | O9: - | P9: -
A10: 46178 | B10: RECOLTE | C10: 910 | D10: {=IFERROR(_xlfn.XLOOKUP(C10,Code!A:A,Code!B:B),"")} -> 1.17 | E10: DRISS (SMIRA FAHIMI) | F10: AIT OUAGMAR | H10: 11 | I10: 1 | J10: - | K10: - | L10: - | N10: - | O10: - | P10: -
A11: 46179 | B11: RECOLTE | C11: 907 | D11: {=IFERROR(_xlfn.XLOOKUP(C11,Code!A:A,Code!B:B),"")} -> 0.64 | E11: DRISS (HABIBA ABBAKHA) | F11: AIT OUAGMAR | H11: 18 | I11: 1 | J11: - | K11: - | L11: - | N11: - | O11: - | P11: -
A12: 46179 | B12: RECOLTE | C12: 910 | D12: {=IFERROR(_xlfn.XLOOKUP(C12,Code!A:A,Code!B:B),"")} -> 1.17 | E12: DRISS (SMIRA FAHIMI) | F12: AIT OUAGMAR | H12: 15 | I12: 1 | J12: - | K12: - | L12: - | N12: - | O12: - | P12: -
A13: 46180 | B13: RECOLTE | C13: 907 | D13: {=IFERROR(_xlfn.XLOOKUP(C13,Code!A:A,Code!B:B),"")} -> 0.64 | E13: DRISS (HABIBA ABBAKHA) | F13: AIT OUAGMAR | H13: 18 | I13: 1 | J13: - | K13: - | L13: - | N13: - | O13: - | P13: -
A14: 46180 | B14: RECOLTE | C14: 906 | D14: {=IFERROR(_xlfn.XLOOKUP(C14,Code!A:A,Code!B:B),"")} -> 0.68 | E14: DRISS (SMIRA FAHIMI) | F14: AIT OUAGMAR | H14: 24 | I14: 1 | J14: - | K14: - | L14: - | N14: - | O14: - | P14: -
A15: 46181 | B15: RECOLTE | C15: 906 | D15: {=IFERROR(_xlfn.XLOOKUP(C15,Code!A:A,Code!B:B),"")} -> 0.68 | E15: DRISS (SMIRA FAHIMI) | F15: AIT OUAGMAR | H15: 19 | I15: 1 | J15: - | K15: - | L15: - | N15: - | O15: - | P15: -
A16: 46181 | B16: RECOLTE | C16: 912 | D16: {=IFERROR(_xlfn.XLOOKUP(C16,Code!A:A,Code!B:B),"")} -> 0.62 | E16: DRISS (HABIBA ABBAKHA) | F16: AIT OUAGMAR | H16: 19 | I16: 1 | J16: - | K16: - | L16: - | N16: - | O16: - | P16: -
A17: 46182 | B17: RECOLTE | C17: 912 | D17: {=IFERROR(_xlfn.XLOOKUP(C17,Code!A:A,Code!B:B),"")} -> 0.62 | E17: DRISS (HABIBA ABBAKHA) | F17: AIT OUAGMAR | H17: 18 | I17: 1 | J17: - | K17: - | L17: - | N17: - | O17: - | P17: -
A18: 46183 | B18: RECOLTE | C18: 904 | D18: {=IFERROR(_xlfn.XLOOKUP(C18,Code!A:A,Code!B:B),"")} -> 0.96 | E18: DRISS (HABIBA ABBAKHA) | F18: AIT OUAGMAR | H18: 22 | I18: 1 | J18: - | K18: - | L18: - | N18: - | O18: - | P18: -
A19: 46184 | B19: RECOLTE | C19: 904 | D19: {=IFERROR(_xlfn.XLOOKUP(C19,Code!A:A,Code!B:B),"")} -> 0.96 | E19: DRISS (HABIBA ABBAKHA) | F19: AIT OUAGMAR | H19: 24 | I19: 1 | J19: - | K19: - | L19: - | N19: - | O19: - | P19: -
A20: 46185 | B20: RECOLTE | C20: 903 | D20: {=IFERROR(_xlfn.XLOOKUP(C20,Code!A:A,Code!B:B),"")} -> 0.81 | E20: DRISS (HABIBA ABBAKHA) | F20: AIT OUAGMAR | H20: 20 | I20: 1 | J20: - | K20: - | L20: - | N20: - | O20: - | P20: -
... A35: 46203 | B35: RECOLTE | C35: 901 | D35: {=IFERROR(_xlfn.XLOOKUP(C35,Code!A:A,Code!B:B),"")} -> 1.02 | E35: DRISS (HABIBA ABBAKHA) | F35: AIT OUAGMAR | H35: 17 | I35: 1 | J35: - | K35: - | L35: - | N35: - | O35: - | P35: -
A36: 46212 | B36: BILLONNAGE | C36: 914 | D36: {=IFERROR(_xlfn.XLOOKUP(C36,Code!A:A,Code!B:B),"")} -> 0.65 | E36: EQUIPE SAID (BELAID) | G36: PAR "HE" | H36: 11
C37: 915 | D37: {=IFERROR(_xlfn.XLOOKUP(C37,Code!A:A,Code!B:B),"")} -> 0.56
A38: 46214 | B38: NETTOYAGE FIN COMPAGNE | C38: 904 | D38: {=IFERROR(_xlfn.XLOOKUP(C38,Code!A:A,Code!B:B),"")} -> 0.96 | E38: EQUIPE KAMARA (BELAID) | H38: 5 | K38: 220 | L38: =H38*K38+H39*K39+H40*K40 -> 3060 | M38: VOYAGE | O38: 400 | P38: =O38+L38 -> 3460
H39: 5 | K39: 200
H40: 4 | K40: 240
A41: 46215 | B41: NETTOYAGE FIN COMPAGNE | C41: 910 | D41: {=IFERROR(_xlfn.XLOOKUP(C41,Code!A:A,Code!B:B),"")} -> 1.17 | E41: EQUIPE KAMARA (BELAID) | H41: 1 | K41: 220 | L41: =H41*K41+H42*K42+H43*K43 -> 2700 | M41: VOYAGE | O41: 400 | P41: =O41+L41 -> 3100
H42: 4 | K42: 200
H43: 7 | K43: 240
A44: 46215 | B44: BILLONNAGE | C44: 921 | D44: {=IFERROR(_xlfn.XLOOKUP(C44,Code!A:A,Code!B:B),"")} -> 0.64 | E44: EQUIPE SAID (BELAID) | G44: PAR "HE" | H44: 7
C45: 920 | D45: {=IFERROR(_xlfn.XLOOKUP(C45,Code!A:A,Code!B:B),"")} -> 0.59
A46: 46216 | B46: BILLONNAGE | C46: 905 | D46: {=IFERROR(_xlfn.XLOOKUP(C46,Code!A:A,Code!B:B),"")} -> 0.91 | E46: EQUIPE SAID (BELAID) | G46: PAR "HE" | H46: 9
A47: 46216 | B47: NETTOYAGE FIN COMPAGNE | C47: 910 | D47: {=IFERROR(_xlfn.XLOOKUP(C47,Code!A:A,Code!B:B),"")} -> 1.17 | E47: EQUIPE KAMARA (BELAID) | H47: 1 | K47: 220 | L47: =H47*K47+H48*K48+H49*K49 -> 3340 | M47: VOYAGE | O47: 400 | P47: =O47+L47 -> 3740
C48: 911 | D48: {=IFERROR(_xlfn.XLOOKUP(C48,Code!A:A,Code!B:B),"")} -> 0.6 | H48: 6 | K48: 200
H49: 8 | K49: 240
A50: 46217 | B50: BILLONNAGE | C50: 906 | D50: {=IFERROR(_xlfn.XLOOKUP(C50,Code!A:A,Code!B:B),"")} -> 0.68 | E50: EQUIPE SAID (BELAID) | G50: PAR "HE" | H50: 8
C51: 907 | D51: {=IFERROR(_xlfn.XLOOKUP(C51,Code!A:A,Code!B:B),"")} -> 0.64
A52: 46217 | B52: NETTOYAGE FIN COMPAGNE | C52: 911 | D52: {=IFERROR(_xlfn.XLOOKUP(C52,Code!A:A,Code!B:B),"")} -> 0.6 | E52: EQUIPE KAMARA (BELAID) | H52: 5 | K52: 200 | L52: =H52*K52+H53*K53+H54*K54+H55*K55 -> 2860 | M52: VOYAGE | O52: 400 | P52: =O52+L52 -> 3260
C53: 912 | D53: {=IFERROR(_xlfn.XLOOKUP(C53,Code!A:A,Code!B:B),"")} -> 0.62 | H53: 3 | K53: 220
D54: {=IFERROR(_xlfn.XLOOKUP(C54,Code!A:A,Code!B:B),"")} | H54: 3 | K54: 240
D55: {=IFERROR(_xlfn.XLOOKUP(C55,Code!A:A,Code!B:B),"")} | H55: 4 | K55: 120
A56: 46218 | B56: BILLONNAGE | C56: 908 | D56: {=IFERROR(_xlfn.XLOOKUP(C56,Code!A:A,Code!B:B),"")} -> 0.67 | E56: EQUIPE SAID (BELAID) | G56: PAR "HE" | H56: 9
C57: 909 | D57: {=IFERROR(_xlfn.XLOOKUP(C57,Code!A:A,Code!B:B),"")} -> 0.72
A58: 46219 | B58: BILLONNAGE | C58: 901 | D58: {=IFERROR(_xlfn.XLOOKUP(C58,Code!A:A,Code!B:B),"")} -> 1.02 | E58: EQUIPE SAID (BELAID) | G58: PAR "HE" | H58: 9
C59: 902 | D59: {=IFERROR(_xlfn.XLOOKUP(C59,Code!A:A,Code!B:B),"")} -> 0.62
A60: 46220 | B60: BILLONNAGE | C60: 903 | D60: {=IFERROR(_xlfn.XLOOKUP(C60,Code!A:A,Code!B:B),"")} -> 0.81 | E60: EQUIPE SAID (BELAID) | G60: PAR "HE" | H60: 12
C61: 904 | D61: {=IFERROR(_xlfn.XLOOKUP(C61,Code!A:A,Code!B:B),"")} -> 0.96
A62: 46221 | B62: BILLONNAGE | C62: 910 | D62: {=IFERROR(_xlfn.XLOOKUP(C62,Code!A:A,Code!B:B),"")} -> 1.17 | E62: EQUIPE SAID (BELAID) | G62: PAR "HE" | H62: 12
C63: 911 | D63: {=IFERROR(_xlfn.XLOOKUP(C63,Code!A:A,Code!B:B),"")} -> 0.6
A64: 46222 | B64: BILLONNAGE | C64: 912 | D64: {=IFERROR(_xlfn.XLOOKUP(C64,Code!A:A,Code!B:B),"")} -> 0.62 | E64: EQUIPE SAID (BELAID) | G64: PAR "HE" | H64: 10
C65: 913 | D65: {=IFERROR(_xlfn.XLOOKUP(C65,Code!A:A,Code!B:B),"")} -> 0.41
A66: 46270 | B66: EFFEUILLAGE | C66: 919 | D66: {=IFERROR(_xlfn.XLOOKUP(C66,Code!A:A,Code!B:B),"")} -> 0.58 | E66: EQUIPE ADIL (BELAID) | F66: AIN LQLIAA | G66: JRS | H66: 17 | I66: 1 | J66: 120 | K66: 100 | L66: 1820 | M66: PERSONNE | N66: 20 | O66: 360 | P66: =L66+O66 -> 2180
C67: 901 | D67: {=IFERROR(_xlfn.XLOOKUP(C67,Code!A:A,Code!B:B),"")} -> 1.02
A68: 46272 | B68: PALISSAGE | C68: 909 | D68: {=IFERROR(_xlfn.XLOOKUP(C68,Code!A:A,Code!B:B),"")} -> 0.72 | E68: EQUIPE ADIL (BELAID) | F68: AIN LQLIAA | G68: JRS | H68: 16 | I68: 1 | J68: 120 | K68: 100 | L68: 1670 | M68: PERSONNE | N68: 20 | O68: 340 | P68: =L68+O68 -> 2010
A69: 46272 | B69: NETTOYAGE | C69: 918 | D69: {=IFERROR(_xlfn.XLOOKUP(C69,Code!A:A,Code!B:B),"")} -> 0.53 | E69: EQUIPE YOUSSEF (BELAID) | F69: AIN LQLIAA | G69: JRS | H69: 9 | K69: 100 | L69: 900 | M69: PERSONNE | N69: 30 | O69: 270 | P69: 1170
C70: 919 | D70: {=IFERROR(_xlfn.XLOOKUP(C70,Code!A:A,Code!B:B),"")} -> 0.58
D71: {=IFERROR(_xlfn.XLOOKUP(C71,Code!A:A,Code!B:B),"")}
D72: {=IFERROR(_xlfn.XLOOKUP(C72,Code!A:A,Code!B:B),"")}
D73: {=IFERROR(_xlfn.XLOOKUP(C73,Code!A:A,Code!B:B),"")}
D74: {=IFERROR(_xlfn.XLOOKUP(C74,Code!A:A,Code!B:B),"")}
D75: {=IFERROR(_xlfn.XLOOKUP(C75,Code!A:A,Code!B:B),"")}
D76: {=IFERROR(_xlfn.XLOOKUP(C76,Code!A:A,Code!B:B),"")}
D77: {=IFERROR(_xlfn.XLOOKUP(C77,Code!A:A,Code!B:B),"")}

Sheet PW010
C1: Suivi Opération Pw010
A5: Operation Date | B5: Operation | C5: Serre | D5: Sup | E5: type operation | F5: Type Ouvrier | G5: prix/jour | H5: total ouvrier | I5: EQUIPE | J5: Montant Paye | K5: Prix/TRANSPORT | L5: TOTAL GENERAL
A6: 46179 | B6: RECOLTE | C6: 1004 | D6: 1.52 | E6: JRS | F6: Ouvrier | G6: 100 | H6: 11 | I6: BELAID(HADIA) | J6: 1100 | K6: 25 | L6: 1520
B7: RECOLTE | E7: JRS | F7: Caporale | G7: 120 | H7: 1 | J7: 120
A8: 46180 | B8: RECOLTE | C8: 1004 | D8: 1.52 | E8: JRS | F8: Ouvrier | G8: 100 | H8: 12 | I8: BELAID(HADIA) | J8: 1200 | K8: 25 | L8: 1645
F9: Caporale | G9: 120 | H9: 1 | J9: 120
A10: 46181 | B10: RECOLTE | C10: 1004 | D10: 1.52 | E10: JRS | F10: Ouvrier | G10: 100 | H10: 10 | I10: BELAID(HADIA) | J10: 1000 | K10: 25
F11: caporale | G11: 120 | H11: 1 | J11: 120
A12: 46182 | B12: RECOLTE | C12: 1004 | D12: 1.52 | E12: JRS | F12: OUvrier | G12: 100 | H12: 13 | I12: BELAID(HADIA) | J12: 1300 | K12: 25
F13: caporale | G13: 120 | H13: 1 | J13: 120
A14: 46183 | B14: RECOLTE | C14: 1004 | D14: 1.52 | E14: JRS | F14: OUVRIER | G14: 100 | H14: 14 | I14: BELAID(HADIA) | J14: 1400 | K14: 25
F15: caporale | G15: 120 | H15: 1 | J15: 120
A16: 46184 | B16: RECOLTE | C16: 1002 | D16: 9.88 | E16: JRS | F16: OUVRIER | G16: 100 | H16: 18 | I16: BELAID(HADIA) | J16: 1800 | K16: 25
F17: caporale | G17: 120 | H17: 1 | J17: 120
A18: 46185 | B18: RECOLTE | C18: 1002 | D18: 9.88 | E18: JRS | F18: OUVRIER | G18: 100 | H18: 19 | I18: BELAID(HADIA) | J18: 1900 | K18: 25
F19: caporale | G19: 120 | H19: 1 | J19: 120
A22: 46248 | B22: RECOLTE | C22: 1007 | E22: JRS | F22: OUVRIER | G22: 100 | H22: 20 | I22: BELAIDI (HAFIDA) | J22: 2000 | K22: 25 | L22: 2645
F23: CAPORAL | G23: 120 | H23: 1 | J23: 120
A24: 46249 | B24: RECOLT+ SELECTION | C24: 1007 | E24: JRS | F24: OUVRIER | G24: 100 | H24: 15 | I24: BELAIDI (HAFIDA) | J24: 1500 | K24: 25 | L24: 2020
F25: CAPORAL | G25: 120 | H25: 1 | J25: 120
A26: 46249 | B26: RECOLT+ SELECTION | C26: 1003 | E26: JRS | F26: OUVRIER | G26: 100 | H26: 14 | I26: BELAIDI (BRAHIM) | J26: 1400 | K26: 25 | L26: 1895
F27: CAPORAL | G27: 120 | H27: 1 | J27: 120
A28: 46250 | B28: RECOLT+ SELECTION | C28: 1003 | E28: JRS | F28: OUVRIER | G28: 100 | H28: 20 | I28: BELAIDI (BRAHIM) | J28: 2000 | K28: 25 | L28: 2645
F29: CAPORAL | G29: 120 | H29: 1 | J29: 120
A30: 46251 | B30: RECOLT+ SELECTION | C30: 1003 | E30: JRS | F30: OUVRIER | G30: 100 | H30: 15 | I30: BELAIDI (BRAHIM) | J30: 1500 | K30: 25 | L30: 2020
F31: CAPORAL | G31: 120 | H31: 1 | J31: 120
A32: 46191 | B32: RECOLT+ SELECTION | C32: 1003 | E32: JRS | F32: OUVRIER | G32: 100 | H32: 18 | I32: BELAIDI (BRAHIM) | J32: 1800 | K32: 25 | L32: 2395
F33: CAPORAL | G33: 120 | H33: 1 | J33: 120
A34: 46253 | B34: RECOLT+ SELECTION | C34: 1005 | E34: JRS | F34: OUVRIER | G34: 100 | H34: 14 | I34: BELAIDI (BRAHIM) | J34: 1400 | K34: 25 | L34: 1895
F35: CAPORAL | G35: 120 | H35: 1 | J35: 120
A36: 46254 | B36: RECOLT+ SELECTION | C36: 1005 | E36: JRS | F36: OUVRIER | G36: 100 | H36: 19 | I36: BELAIDI (BRAHIM) | J36: 1900 | K36: 25 | L36: 2520
F37: CAPORAL | G37: 120 | H37: 1 | J37: 120
A38: 46255 | B38: RECOLT+ SELECTION | C38: 1005 | E38: JRS | F38: OUVRIER | G38: 100 | H38: 17 | I38: BELAIDI (BRAHIM) | J38: 1700 | K38: 25 | L38: 2270
F39: CAPORAL | G39: 120 | H39: 1 | J39: 120
A40: 46256 | B40: RECOLT+ SELECTION | C40: 1005 | E40: JRS | F40: OUVRIER | G40: 100 | H40: 20 | I40: BELAIDI (BRAHIM) | J40: 2000 | K40: 25 | L40: 2645
F41: CAPORAL | G41: 120 | H41: 1 | J41: 120
A42: 46258 | B42: RECOLT+SELECTION | C42: 1007 | E42: JRS | F42: OUVRIER | G42: 100 | H42: 20 | I42: BELAIDI (BRAHIM) | J42: 2000 | K42: 25 | L42: 2645
F43: CAPORAL | G43: 120 | H43: 1 | J43: 120
A44: 46259 | B44: RECOLT+SELECTION | C44: 1007/1006 | E44: JRS | F44: OUVRIER | G44: 100 | H44: 14 | I44: BELAIDI (BRAHIM) | J44: 1400 | K44: 25 | L44: 1895
F45: CAPORAL | G45: 120 | H45: 1 | J45: 120
A46: 46260 | B46: RECOLT+SELECTION | C46: 1006 | E46: jrs | F46: OUVRIER | G46: 100 | H46: 15 | I46: BELAIDI (BRAHIM) | J46: 1500 | K46: 25 | L46: 2020
F47: CAPORAL | G47: 120 | H47: 1 | J47: 120
A48: 46261 | B48: RECOLT+SELECTION | C48: 1006 | E48: jrs | F48: OUVRIER | G48: 100 | H48: 14 | I48: BELAIDI (BRAHIM) | J48: 1400 | K48: 25 | L48: 1895
F49: CAPORAL | G49: 120 | H49: 1 | J49: 120
A50: 46262 | B50: RECOLT+SELECTION | C50: 1006 | E50: JRS | F50: OUVRIER | G50: 100 | H50: 14 | I50: BELAIDI (SAID) | J50: 1400 | K50: 25 | L50: 1895
F51: CAPORAL | G51: 120 | H51: 1 | J51: 120
A52: 46263 | B52: RECOLT+SELECTION | C52: 1006+1004 | E52: JRS | F52: OUVRIER | G52: 100 | H52: 20 | I52: BELAIDI (SAID) | J52: 2000 | K52: 25 | L52: 2645
F53: CAPORAL | G53: 120 | H53: 1 | J53: 120
A54: 46264 | B54: RECOLT+SELECTION | C54: 1004 | E54: JRS | F54: CAPORAL | G54: 120 | H54: 1 | I54: BELAIDI (SAID) | J54: 120 | K54: 25 | L54: 2645
G55: 100 | H55: 20 | J55: 2000
A56: 46265 | B56: RECOLT+SELECTION | C56: 1004 | E56: JRS | F56: OUVRIER | G56: 100 | H56: 19 | I56: BELAIDI (SAID) | J56: 1900 | K56: 25 | L56: 2520
F57: CAPORAL | G57: 120 | H57: 1 | J57: 120
A58: 46266 | B58: RECOLT+SELECTION | E58: JRS | F58: OUVRIER | G58: 100 | H58: 19 | I58: BELAIDI (SAID) | J58: 1900 | K58: 25 | L58: 2520
F59: CAPORAL | G59: 120 | H59: 1 | J59: 120
A60: 46266 | B60: RECOLT+SELECTION | C60: 1004 | E60: JRS | F60: OUVRIER | G60: 100 | H60: 10 | I60: BELAIDI (OMAR) | J60: 1000 | K60: 25 | L60: 1395
F61: CAPORAL | G61: 120 | H61: 1 | J61: 120
A62: 46267 | B62: RECOLT+SELECTION | C62: 1002 | E62: JRS | F62: OUVRIER | G62: 100 | H62: 7 | I62: BELAIDI (OMAR) | J62: 700 | K62: 25 | L62: 1020
F63: CAPORAL | G63: 120 | H63: 1 | J63: 120
A64: 46267 | B64: RECOLT+SELECTION | C64: 1003 | E64: JRS | F64: OUVRIER | G64: 100 | H64: 16 | I64: BELAIDI (SAID) | J64: 1600 | K64: 25 | L64: 2145
F65: CAPORAL | G65: 120 | H65: 1 | J65: 120
A66: 46268 | B66: RECOLT+SELECTION+NETOYAGE | C66: 1007 | E66: JRS | F66: OUVRIER | G66: 100 | H66: 14 | I66: BELAIDI (SAID) | J66: 1400 | K66: 25 | L66: 1895
F67: CAPORAL | G67: 120 | H67: 1 | J67: 120
A68: 46268 | B68: NETOYAGE | C68: 1004 | E68: JRS | F68: OUVRIER | G68: 100 | H68: 5 | I68: BELAIDI (OMAR) | J68: 500 | K68: 25 | L68: 770
F69: CAPORAL | G69: 120 | H69: 1 | J69: 120
A70: 46269 | B70: RECOLT +SELECTION | C70: 1007+1003 | E70: JRS | F70: OUVRIER | G70: 100 | H70: 19 | I70: BELAIDI (SAID) | J70: 1900 | K70: 25 | L70: 2520
F71: CAPORAL | G71: 120 | H71: 1 | J71: 120
A72: 46270 | B72: RECOLT +SELECTION | C72: 1004 | E72: JRS | F72: OUVRIER | G72: 100 | H72: 15 | I72: BELAIDI (SAID) | J72: 1500 | K72: 25 | L72: 2020
F73: CAPORAL | G73: 120 | H73: 1 | J73: 120
A74: 46272 | B74: RECOLT +SELECTION | C74: 1004 | E74: JRS | F74: OUVRIER | G74: 100 | H74: 12 | I74: BELAIDI (SAID) | J74: 1200 | K74: 25 | L74: 1645
F75: CAPORAL | G75: 120 | H75: 1 | J75: 120

Sheet PW0011
H3: Suivi Opération Pw011
A6: Operation Date | B6: Operation | C6: Serre | D6: Sup | E6: type operation | F6: Type Ouvrier | G6: prix/jour | H6: total ouvrier | I6: % Avensment | J6: Montant Paye | K6: Trage Transport | L6: Transporteur | M6: Nb Ouvrier | N6: Prix/TRANSPORT | O6: TOTAL GENERAL
A7: 46222 | B7: RECOLTE | C7: 1101 | E7: JRS | F7: Ouvrier | G7: 100 | H7: 20 | J7: =G7*H7 -> 2000 | K7: AIN LAQLIAA | L7: EQUIPE BILAL (belaid) | M7: 21 | N7: =M7*30 -> 630 | O7: =J7+J8+N7 -> 2750
E8: JRS | F8: Caporale | G8: 120 | H8: 1 | J8: =G8*H8 -> 120
A9: 46232 | B9: RECOLTE | C9: 1101 | E9: JRS | F9: Ouvrier | G9: 100 | H9: 23 | J9: =G9*H9 -> 2300 | K9: AIN LAQLIAA | L9: EQUIPE RACHIDA (DRISS) | M9: 24
E10: JRS | F10: Caporale | G10: 120 | H10: 1 | J10: =G10*H10 -> 120
A11: 46233 | B11: RECOLTE | C11: 1101 | E11: JRS | F11: Ouvrier | G11: 100 | H11: 23 | J11: =G11*H11 -> 2300 | K11: AIN LAQLIAA | L11: EQUIPE RACHIDA (DRISS) | M11: 24
E12: JRS | F12: Caporale | G12: 120 | H12: 1 | J12: =G12*H12 -> 120
A13: 46234 | B13: RECOLTE | C13: 1101 | E13: JRS | F13: Ouvrier | G13: 100 | H13: 10 | J13: =G13*H13 -> 1000 | K13: AIN LAQLIAA | L13: EQUIPE RACHIDA (DRISS) | M13: 23
B14: CHARGE/DECHARGE | G14: 100 | H14: 2 | J14: 200
B15: PINCEMENT | E15: JRS | F15: Ouvrier | G15: 100 | H15: 10 | J15: 1000
B16: AUTRES TRAVAUX | E16: JRS | F16: Caporale | G16: 120 | H16: 1 | J16: =G16*H16 -> 120
A17: 46235 | B17: RECOLTE | C17: 1103 | E17: JRS | F17: Ouvrier | G17: 100 | H17: 22 | J17: 2200 | K17: AIN LAQLIAA | L17: EQUIPE RACHIDA (DRISS) | M17: 23
E18: JRS | F18: Caporale | G18: 120 | H18: 1 | J18: 120
A19: 46236 | B19: RECOLTE | C19: 1103 | E19: JRS | F19: Ouvrier | G19: 100 | H19: 22 | J19: 2200 | K19: AIN LAQLIAA | L19: EQUIPE RACHIDA (DRISS) | M19: 23
E20: JRS | F20: Caporale | G20: 120 | H20: 1 | J20: 120
A21: 46237 | B21: RECOLTE | C21: 1103 | E21: JRS | F21: Ouvrier | G21: 100 | H21: 20 | J21: 2000 | K21: AIN LAQLIAA | L21: EQUIPE RACHIDA (DRISS) | M21: 22
E22: JRS | F22: Caporale | G22: 120 | H22: 1 | J22: 120
A23: 46238 | B23: RECOLTE | C23: 1103 | E23: JRS | F23: Ouvrier | G23: 100 | H23: 25 | J23: 2500 | K23: AIN LAQLIAA | L23: EQUIPE RACHIDA (DRISS) | M23: 26
E24: JRS | F24: Caporale | G24: 120 | H24: 1 | J24: 120
A25: 46239 | B25: RECOLTE | C25: 1102 | E25: JRS | F25: Ouvrier | G25: 100 | H25: 25 | J25: 2500 | K25: AIN LAQLIAA | L25: EQUIPE RACHIDA (DRISS) | M25: 25
E26: JRS | F26: Caporale | G26: 0 | H26: 0 | J26: 0
A27: 46240 | B27: RECOLTE | C27: 1101 | E27: JRS | F27: Ouvrier | G27: 100 | H27: 24 | J27: 2400 | K27: AIN LAQLIAA | L27: EQUIPE RACHIDA (DRISS) | M27: 25
E28: JRS | F28: Caporale | G28: 120 | H28: 1 | J28: 120
A29: 46247 | B29: RECOLTE | C29: 1104 | E29: JRS | F29: Ouvrier | G29: 100 | H29: 20 | J29: 2000 | K29: AIN LAQLIAA | L29: EQUIPE RACHIDA (DRISS) | M29: 21
E30: JRS | F30: Caporale | G30: 120 | H30: 1 | J30: 120
A31: 46248 | B31: RECOLTE | C31: 1104 | E31: JRS | F31: Ouvrier | G31: 100 | H31: 19 | J31: 1900 | K31: AIN LAQLIAA | L31: EQUIPE RACHIDA (DRISS) | M31: 20
E32: JRS | F32: Caporale | G32: 120 | H32: 1 | J32: 120
A33: 46249 | B33: RECOLTE | C33: 1104 | E33: JRS | F33: Ouvrier | G33: 100 | H33: 20 | J33: 2000 | K33: AIN LAQLIAA | L33: EQUIPE RACHIDA (DRISS) | M33: 21
E34: JRS | F34: Caporale | G34: 120 | H34: 1 | J34: 120
A35: 46261 | B35: RECOLTE | C35: 1101 | E35: JRS | F35: Ouvrier | G35: 100 | H35: 16 | J35: 1600 | K35: AIN LAQLIAA | L35: EQUIPE HADIA (BELAID) | M35: 19 | N35: =M35*30 -> 570 | O35: =J35+J36+N35+J37 -> 2490
E36: JRS | F36: Caporale | G36: 120 | H36: 1 | J36: 120
B37: TRAITEMENT | C37: 1102 | E37: JRS | F37: Ouvrier | G37: 100 | H37: 2 | J37: 200
A38: 46262 | B38: RECOLTE | C38: 1102 | E38: JRS | F38: Ouvrier | G38: 100 | H38: 15 | J38: =H38*G38 -> 1500 | K38: AIN LAQLIAA | L38: EQUIPE HADIA (BELAID) | M38: 21 | N38: =M38*30 -> 630 | O38: =J38+J39+N38+J40+J41 -> 2750
C39: 1102 | E39: JRS | F39: Caporale | G39: 120 | H39: 1 | J39: =H39*G39 -> 120
B40: TRAITEMENT | C40: 1101 | E40: JRS | F40: Ouvrier | G40: 100 | H40: 2 | J40: =H40*G40 -> 200
B41: NETTOYAGE | C41: SECTEUR 01 | E41: JRS | F41: Ouvrier | G41: 100 | H41: 3 | J41: =H41*G41 -> 300
A42: 46263 | B42: RECOLTE | C42: 1102 | E42: JRS | F42: Ouvrier | G42: 100 | H42: 19 | J42: 1900 | K42: AIN LAQLIAA | L42: EQUIPE HADIA (BELAID) | M42: 20 | N42: =M42*30 -> 600 | O42: =J42+J43+N42 -> 2620
E43: JRS | F43: Caporale | G43: 120 | H43: 1 | J43: 120
A44: 46265 | B44: RECOLTE | C44: 1101 | E44: JRS | F44: Ouvrier | G44: 100 | H44: 19 | J44: 1900 | K44: AIN LAQLIAA | L44: EQUIPE HADIA (BELAID) | M44: 19 | N44: =M44*30 -> 570 | O44: =J44+J45+N44 -> 2470
E45: JRS | F45: Caporale | G45: 0 | H45: 0 | J45: 0
A46: 46266 | B46: RECOLTE | C46: 1101 | E46: JRS | F46: Ouvrier | G46: 100 | H46: 18 | J46: 1800 | K46: AIN LAQLIAA | L46: EQUIPE HADIA (BELAID) | M46: 19 | N46: =M46*30 -> 570 | O46: =J46+J47+N46 -> 2490
E47: JRS | F47: Caporale | G47: 120 | H47: 1 | J47: 120
A48: 46267 | B48: RECOLTE | C48: 1101 | E48: JRS | F48: Ouvrier | G48: 100 | H48: 20 | J48: 2000 | K48: AIN LAQLIAA | L48: EQUIPE HADIA (BELAID) | M48: 21 | N48: =M48*30 -> 630 | O48: =J48+J49+N48 -> 2750
E49: JRS | F49: Caporale | G49: 120 | H49: 1 | J49: 120
A50: 46268 | B50: RECOLTE | C50: 1102 | E50: JRS | F50: Ouvrier | G50: 100 | H50: 20 | J50: 2000 | K50: AIN LAQLIAA | L50: EQUIPE HADIA (BELAID) | M50: 21 | N50: =M50*30 -> 630 | O50: =J50+J51+N50 -> 2750
E51: JRS | F51: Caporale | G51: 120 | H51: 1 | J51: 120
A52: 46269 | B52: RECOLTE | C52: 1101 | E52: JRS | F52: Ouvrier | G52: 100 | H52: 18 | J52: 1800 | K52: AIN LAQLIAA | L52: EQUIPE HADIA (BELAID) | M52: 19 | N52: =M52*30 -> 570 | O52: =J52+J53+N52 -> 2490
E53: JRS | F53: Caporale | G53: 120 | H53: 1 | J53: 120
A54: 46270 | B54: RECOLTE | C54: 1104 | E54: JRS | F54: Ouvrier | G54: 100 | H54: 20 | J54: 2000 | K54: AIN LAQLIAA | L54: EQUIPE HADIA (BELAID) | M54: 21 | N54: =M54*30 -> 630 | O54: =J54+J55+N54 -> 2750
E55: JRS | F55: Caporale | G55: 120 | H55: 1 | J55: 120
A56: 46272 | B56: RECOLTE | C56: 1103 | E56: JRS | F56: Ouvrier | G56: 100 | H56: 19 | J56: 2000 | K56: AIN LAQLIAA | L56: EQUIPE HADIA (BELAID) | M56: 20 | N56: =M56*30 -> 600 | O56: =J56+J57+N56 -> 2720
E57: JRS | F57: Caporale | G57: 120 | H57: 1 | J57: 120

Sheet PW012
C1: Suivi Opération Pw12
L2: =SUM(L215+L220+L224+L232) -> 7080
A5: Operation Date | B5: Operation | C5: Serre | D5: Sup | E5: Trage Transport | F5: EQUPE | G5: type operation | H5: Type Ouvrier | I5: Nb Ouvrier | J5: Prix/Ouvrier | K5: Total | L5: TOTAL Paye | M5: Prix Transport | N5: Total Transport | O5: TOTAL
A6: 46153 | B6: NETTOYAGE FIN COMPAGNE | C6: NETTOYAGE | D6: SERR 31 (1,40095) HT | E6: AIN QLIAA | F6: BALEID MOHAMED AIN (MANSOURI) | G6: JRS | H6: ouvrier | I6: 17 | J6: 100 | K6: 1700 | L6: 1820 | M6: 30 | N6: 540 | O6: =L6+N6 -> 2360
H7: Caporale | I7: 1 | J7: 120 | K7: 120 | M7: 30
A8: 46154 | B8: NETTOYAGE FIN COMPAGNE | C8: PW012 | D8: SERR 30 (1,4094) HT | E8: AIN QLIAA | F8: BALEID MOHAMED AIN (MANSOURI) | G8: JRS | H8: ouvrier | I8: 5 | J8: 110 | K8: 550 | L8: 1980 | M8: 30 | N8: 570 | O8: =L8+N8 -> 2550
H9: ouvrier | I9: 13 | J9: 100 | K9: 1300
H10: Caporale | I10: 1 | J10: 130 | K10: 130
A11: 46155 | B11: NETTOYAGE FIN COMPAGNE | C11: PW012 | D11: SERR 29 (1,3595) HT | E11: AIN QLIAA | F11: BALEID MOHAMED AIN (MANSOURI) | G11: JRS | H11: ouvrier | I11: 28 | J11: 100 | K11: 2800 | L11: 2920 | M11: 30 | N11: 870 | O11: =L11+N11 -> 3790
H12: Caporale | I12: 1 | J12: 120 | K12: 120 | M12: 30
D13: SERR 8 ( 1,15 HT ) | E13: - | F13: BALEID MOHAMED KHMISE (MANSOURI) | G13: HE | I13: 4 | J13: - | K13: 1800 | L13: 3600 | M13: - | N13: 350 | O13: =L13+N13 -> 3950
D14: SERR 7 ( 1,2 HT ) | E14: - | I14: 6 | J14: - | K14: 1800 | M14: -
A15: 46156 | B15: NETTOYAGE FIN COMPAGNE | C15: PW012 | D15: SERR 5 (1,2018) HT | E15: AIN QLIAA | F15: BALEID MOHAMED AIN (MANSOURI) | G15: HE | H15: ouvrier | J15: 1600 | K15: 1600 | L15: 3200 | N15: 0 | O15: 3200
D16: SERR 9(1,1983)HT | E16: AIN QLIAA | H16: ouvrier | J16: 1600 | K16: 1600
A18: 46156 | B18: NETTOYAGE FIN COMPAGNE | C18: PW012 | D18: SERR 20 (1,6122) HT | F18: BELAID HAFID (MANSOURI)
D19: ( SERR 31 1,40095 ht) + ( SERR 30 1,4094) HT | E19: AIN QLIAA | F19: BALEID MOHAMED AIN (MANSOURI) | G19: JRS | H19: ouvrier | I19: 13 | J19: 100 | K19: 1300 | L19: 1420 | M19: 30 | N19: 420 | O19: 1840
H20: Caporale | I20: 1 | J20: 120 | K20: 120 | M20: 30
A21: 46157 | B21: NETTOYAGE FIN COMPAGNE | C21: PW012 | D21: SERR 19 ( 1,373) HT | F21: BALEID HAFID (MANSOURI) | G21: HE | H21: ouvrier
B23: NETTOYAGE FIN COMPAGNE | C23: PW012 | D23: ( SERR 28 0,5793 H)+ ( SERR 27 1,4617 H) | E23: AIN QLIAA | F23: BALEID MOHAMED AIN (MANSOURI) | G23: JRS | H23: ouvrier | I23: 12 | J23: 100 | K23: 1200 | L23: 1440 | M23: 30 | N23: 420 | O23: 1860
H24: Caporale | I24: 2 | J24: 120 | K24: 240 | M24: 30
B25: ARRACHAGE/FAUCHAGE | C25: PW012 | D25: SERR 15 ( 1,0506 H ) | F25: EL MAHDI (MANSOURI )
A26: 46158 | B26: NETTOYAGE FIN COMPAGNE | C26: PW012 | D26: (SERR 21 1,4516 H)+(SERR 18 1,4506 H) | F26: BELAID HAFID (MANSOURI) | G26: HE | H26: ouvrier
C28: PW012 | D28: FINITION SERR 6 ( 1,2032 H)
B30: NETTOYAGE FIN COMPAGNE | C30: PW012 | D30: SERR 27 ( 1,4617 H) | E30: AIN QLIAA | F30: ( BALAID MANSOURI ) | G30: HE | H30: ouvrier | I30: 5 | J30: 160 | K30: 800 | L30: 800 | M30: - | N30: - | O30: 800
A32: 46159 | B32: NETTOYAGE FIN COMPAGNE | C32: PW012 | D32: SERR 28 ( 0,5793 ) + SERR 27 ( 1,46617 ) 1/2 | F32: BALAID + MANSOURI ( MOHAMED AIT TMAA ) | G32: HE | H32: ouvrier | I32: 10 | J32: 100 | K32: 1000 | L32: 1120 | M32: 25 | N32: 1395
I33: 1 | J33: 120 | K33: 120
B34: DÉSHERBAGES | C34: PW012 | D34: SERR 27 ( 1,46617 ) + SERR 8 ( 1,1502 ) 1/2 | F34: BELAID MANSOURI ( KARIM) | G34: HE | H34: ouvrier | I34: 11 | J34: 100 | K34: 1100 | L34: 1650 | M34: 400 | N34: 2050
B35: NETTOYAGE FIN COMPAGNE | H35: ouvrier | I35: 4 | J35: 137.5 | K35: 550
B36: NETTOYAGE FIN COMPAGNE | C36: PW012 | D36: SERR 1 ( 0,4788 ) + SERR 18 ( 1,4506 ) + SERR 19 ( 1,373 ) | F36: HAFID | G36: HE
A38: 46160 | B38: NETTOYAGE FIN COMPAGNE | C38: PW012 | D38: (SERR 20 ( 1,6122 ) + SERR 2 ( 1,1994 ) generalise )+ SERR 3 ( 1,1981 ) | F38: HAFID | G38: HE
B42: NETTOYAGE FIN COMPAGNE | C42: PW012 | D42: SERR 8 ( 1,1502 ) + SERR 5 ( 1,2018 ) | F42: BALEID / MANSOURI MOHAMED TAMAA | G42: JRS | H42: ouvrier | I42: 15 | J42: 100 | K42: 1500 | L42: 1620 | M42: 400 | N42: 2020
G43: JRS | H43: Caporale | I43: 1 | J43: 120 | K43: 120
B44: DÉSHERBAGES | C44: PW012 | D44: SERR 6 ( 1,2032 ) SEMI FINI | F44: BELAID MANSOURI ( KARIM) | G44: JRS | H44: ouvrier | I44: 8 | J44: 120 | K44: 960 | L44: 1920 | M44: 400 | N44: 2320
G45: JRS | H45: Caporale | I45: 4 | J45: 240 | K45: 960
A46: 46161 | B46: NETTOYAGE FIN COMPAGNE | C46: PW012 | D46: SERR 6 ( 1,2032 ) +SERR 18 ( 1,4506 ) | F46: BALAID + MANSOURI ( MOHAMED AIT TMAA ) | G46: JRS | H46: ouvrier | I46: 1 | J46: 120 | K46: 120 | L46: 1520 | M46: 375 | N46: 1895
G47: JRS | H47: ouvrier | I47: 14 | J47: 100 | K47: 1400
B48: DÉSHERBAGES | C48: PW012 | D48: SEER 9 ( 1,1983 ) + SERR 19 ( 1,373 ) + SERR 18 ( 1,4506 ) + SERR 7 ( 1,2 ) | F48: BELAID MANSOURI ( KARIM) | G48: JRS | H48: ouvrier | I48: 13 | J48: 120 | K48: 1560 | L48: 2760 | M48: 400 | N48: 3160
G50: JRS | H50: ouvrier | I50: 5 | J50: 240 | K50: 1200
B51: NETTOYAGE FIN COMPAGNE | C51: PW012 | D51: SEER 21 ( 1,4516 ) GENERALISATION + NETOYAGE SERR 9 ( 1,1983 ) +SERR 10 ( 1,1441 ) +SERR 11 ( 1,1988 ) + SERR 12 ( 1,1979 ) | F51: HAFID | G51: HE
A54: 46162 | B54: NETTOYAGE | C54: PW012 | D54: SERR 11 ( 1,1988 ) + SERR 18 ( 1,4506 ) | E54: AIT AMIRA | F54: BALEID ( HAFIDA ) | G54: JRS | H54: ouvrier | I54: 11 | J54: 100 | K54: 1100 | L54: 1220 | M54: 30 | N54: 1580
H55: Caporale | I55: 1 | J55: 120 | K55: 120 | M55: 30
B56: NETTOYAGE | C56: PW012 | D56: SERR 12 ( 1,1979 ) + SERR 21 ( 1,4516 ) | E56: AIN QLIAA | F56: BELAID ( MOHAMED TMAA ZAHIRA ) | G56: JRS | H56: ouvrier | I56: 14 | J56: 100 | K56: 1400 | L56: 1520 | M56: 25 | N56: 1895
G57: JRS | H57: Caporale | I57: 1 | J57: 120 | K57: 120 | M57: 25
B58: NETTOYAGE | C58: PW012 | D58: SEER 1 + SERR 2 + SERR 12 SERR 13 SERR 14 | F58: HAFID | G58: HE
B60: DÉSHERBAGES | C60: PW012 | D60: SERR 18 ( 1,4506 ) + SERR 19 (1,373 ) | E60: AIT AMIRA | F60: BALEID (KARIM ) | G60: JRS | H60: ouvrier | I60: 5 | J60: 120 | K60: 600 | L60: 1950 | M60: 400 | N60: 2350
B61: NETTOYAGE FIN COMPAGNE | G61: JRS | H61: ouvrier | I61: 2 | J61: 225 | K61: 450
G62: JRS | H62: ouvrier | I62: 9 | J62: 100 | K62: 900
A63: 46163 | B63: NETTOYAGE FIN COMPAGNE | C63: PW012 | D63: SERR 15 +SEER 16 + SERR 17 + SERR 13 +SERR 12 +SERR 4 + SERR 5 + SERR 10 + SERR 9 | F63: HAFID | G63: HE
B66: NETTOYAGE FIN COMPAGNE | C66: PW012 | D66: !!!!!!!!! | F66: BALEID ( KARIM ) | G66: JRS | H66: ouvrier | I66: 13 | J66: 100 | K66: 1300 | L66: 1950 | M66: 400 | N66: 2350
G67: JRS | H67: ouvrier | I67: 2 | J67: 150 | K67: 300
G68: JRS | H68: ouvrier | I68: 1 | J68: 110 | K68: 110
G69: JRS | H69: ouvrier | I69: 2 | J69: 120 | K69: 240
B70: NETTOYAGE FIN COMPAGNE | C70: PW012 | D70: SERR 19 ( ) + SEER 22 ( ) | E70: AIN QLIAA | F70: BALEID ( MOHAMED TMAAA ) | G70: JRS | H70: ouvrier | I70: 14 | J70: 100 | K70: 1400 | L70: 1520 | M70: 25 | N70: 1895
G71: JRS | H71: Caporale | I71: 1 | J71: 120 | K71: 120 | M71: 25
A72: 46164 | B72: NETTOYAGE FIN COMPAGNE | C72: PW012 | D72: ?????? | E72: AIN QLIAA | F72: BALEID ( MOHAMED TMAAA ) | G72: JRS | H72: ouvrier | I72: 15 | J72: 100 | K72: 1500 | L72: 1620 | M72: 25 | N72: 2020
G73: JRS | H73: Caporale | I73: 1 | J73: 120 | K73: 120 | M73: 25
B74: NETTOYAGE FIN COMPAGNE | C74: PW012 | D74: RAMASSAGE GOUTEUR ( SERR 3 + SERR 4 ) ---- CHARGE GOUTUER SERR 18 + SERR 20 +DESHERBACHE SERR 1+ SERR 2+ SERR 3 | E74: AIT AMIRA | F74: EQUIPE KARIM (BALEID ) | G74: JRS | H74: ouvrier | I74: 2 | J74: 180 | K74: 360 | L74: 1320 | M74: 400 | N74: 1720
B77: DÉSHERBAGES | G77: JRS | H77: ouvrier | I77: 3 | J77: 120 | K77: 360
G80: JRS | H80: ouvrier | I80: 6 | J80: 100 | K80: 600
B82: NETTOYAGE FIN COMPAGNE | D82: SERR 15 +SERR 16 +SERR 17 | F82: EQUIPE HAFID | G82: HE | H82: ouvrier
A84: 46165 | B84: NETTOYAGE FIN COMPAGNE | C84: PW012 | D84: SERR 4 +SERR 10 +SERR 12 +SERR 11 | E84: AIT AMIRA | F84: EQUIPE KARIM | G84: JRS | H84: ouvrier | I84: 2 | J84: 180 | K84: 360 | L84: 2120 | M84: 400 | N84: 2520
G85: JRS | H85: ouvrier | I85: 2 | J85: 130 | K85: 260
G86: JRS | H86: ouvrier | I86: 2 | J86: 150 | K86: 300
G87: JRS | H87: ouvrier | I87: 12 | J87: 100 | K87: 1200
D88: TRACTERISTE (EN NOIR ) | E88: - | F88: - | G88: JRS | H88: ouvrier | I88: 1 | J88: 113 | K88: 113 | L88: 113 | M88: - | N88: 113
D89: SERR 3 SERR 2 | E89: AIN QLIAA | F89: EQUIPE MOHAMED TMAA | G89: JRS | H89: ouvrier | I89: 15 | J89: 100 | K89: 1500 | L89: 1620 | M89: 25 | N89: 2020
G90: JRS | H90: Caporale | I90: 1 | J90: 120 | K90: 120 | M90: 25
D91: SERR 16 +SERR 15 +SERR 17 +SERR 39 | F91: EQUIPE HAFID | G91: HE
A93: 46166 | B93: NETTOYAGE | C93: PW012 | D93: SERR 10 + SERR 12 FINITION | E93: AIN QLIAA | F93: EQUIPE MOHAMED TAMAA ( BALEID ) | G93: JRS | H93: ouvrier | I93: 17 | J93: 100 | K93: 1700 | L93: 1820 | M93: 25 | N93: 2270
G94: JRS | H94: Caporale | I94: 1 | J94: 120 | K94: 120 | M94: 25
D95: SERR 12+ SERR 13 SERR 14 FINITION | E95: AIT AMIRA | F95: EQUIPE KARIM ( BALEID ) | G95: JRS | H95: ouvrier | I95: 13 | J95: 120 | K95: 1560 | L95: 3040 | M95: 400 | N95: 3440
G96: JRS | H96: ouvrier | I96: 3 | J96: 130 | K96: 390
G97: JRS | H97: ouvrier | I97: 2 | J97: 350 | K97: 350
G98: JRS | H98: ouvrier | I98: 4 | J98: 600 | K98: 600
G99: JRS | H99: ouvrier | I99: 1 | J99: 140 | K99: 140
D100: TRACTERISTE (EN NOIR ) | E100: - | F100: - | G100: JRS | H100: ouvrier | I100: 1 | J100: 140 | K100: 140 | L100: 140 | M100: - | N100: 140
D101: SERR 39 | F101: EQUIPE HAFID | G101: HE
A102: 46167 | B102: NETTOYAGE FIN COMPAGNE | C102: PW012 | D102: NETTOYAGE SERR 38 + SERR 39 | F102: EQUIPE HAFID | G102: HE
D103: TRACTERISTE (EN NOIR ) | E103: - | F103: - | G103: JRS | H103: ouvrier | I103: 1 | J103: 113 | K103: 113 | L103: 113 | M103: - | N103: 113
D104: FINITION SERR 12 +SERR 13 | E104: AIN QLIAA | F104: EQUIPE MOHAMED TAMAA ( BALEID ) | G104: JRS | H104: ouvrier | I104: 14 | J104: 100 | K104: 1400 | L104: 1520 | M104: 25 | N104: 1895
H105: Caporale | I105: 1 | J105: 120 | K105: 120
B106: NETTOYAGE FIN COMPAGNE | D106: SERR 14 +SERR 15+ SERR 16 | E106: AIT AMERA | F106: EQUIPE KHALID (BELAID ) | G106: JRS | H106: ouvrier | I106: 16 | J106: 130 | K106: 2080 | L106: 2680 | M106: 400 | N106: 3080
B107: DÉSHERBAGES | H107: ouvrier | I107: 4 | J107: 150 | K107: 600
A108: 46168 | B108: NETTOYAGE FIN COMPAGNE | C108: PW012 | D108: FINITION SERR 13 SERR 14 | E108: AIN QLIAA | F108: EQUIPE MOHAMED TAMAA ( BALEID ) | G108: JRS | H108: Caporale | I108: 1 | J108: 120 | K108: 120 | L108: 1420 | M108: 25 | N108: 1770 | O108: 4887
H109: ouvrier | I109: 13 | J109: 100 | K109: 1300 | M109: 25
D110: SERR 13 +SERR 14 | E110: AIT AMERA | F110: EQUIPE KHALID (BELAID ) | G110: JRS | H110: ouvrier | I110: 2 | J110: 200 | K110: 400 | L110: 2717 | M110: 400 | N110: 3000
G112: JRS | H112: ouvrier | I112: 22 | J112: 100 | K112: 2200
D113: NETTOYAGE FENITION SERR 36 +SERR 37 | F113: HAFID | G113: HE
D114: TRACTERISTE (EN NOIR ) | E114: - | F114: - | G114: JRS | H114: ouvrier | I114: 1 | J114: 117 | K114: 117 | L114: 117 | M114: 117 | N114: 117
A115: 46171 | B115: NETTOYAGE FIN COMPAGNE | C115: PW012 | D115: SERR 18 + SERR 19 + SERR 20 + SERR 2 | E115: AIT AMERA | F115: EQUIPE KHALID (BALEID | G115: JRS | H115: ouvrier | I115: 22 | J115: 100 | K115: 2200 | L115: 2500 | M115: 400 | N115: 2900 | O115: 4920
B116: DÉSHERBAGES | D116: SERR15 +SERR 16 +SERR 17 +SERR 14 +SERR 12 | G116: JRS | H116: ouvrier | I116: 2 | J116: 150 | K116: 300
B117: NETTOYAGE FIN COMPAGNE | D117: NETTOYAGE SERR 15 +SERR 16 | E117: AIN QLIAA | F117: EQUIPE MOHAMED TAMAA | G117: JRS | H117: ouvrier | I117: 15 | J117: 100 | K117: 1500 | L117: 1620 | M117: 25 | N117: 2020
G118: JRS | H118: Caporale | I118: 1 | J118: 120 | K118: 120 | M118: 25
A119: 46172 | B119: NETTOYAGE FIN COMPAGNE | C119: PW012 | D119: SERR 1 + SERR 2 + SERR 3 + SERR4 | E119: AIN QLIAA | F119: EQUIPE MOHAMED TAMAA | G119: JRS | H119: ouvrier | I119: 4 | J119: 170 | K119: 680 | L119: 2380 | M119: 400 | N119: 2780 | O119: 2780
G120: JRS | H120: ouvrier | I120: 17 | J120: 100 | K120: 1700
A121: 46173 | B121: NETTOYAGE FIN COMPAGNE | C121: PW012 | D121: SERR 1+SER 2 +SER 3 | E121: AIN QLIAA | F121: EQUIPE MOHAMED TAMAA | G121: JRS | H121: ouvrier | I121: 2 | J121: 225 | K121: 450 | L121: 3050 | M121: 400 | N121: 3450 | O121: 5345
G122: JRS | H122: ouvrier | I122: 26 | J122: 100 | K122: 2600
D123: SERR 38 + SERR 39 | E123: AIN QLIAA | F123: EQUIPE MOHAMED (ZAHIRA ) TAMAA | G123: JRS | H123: ouvrier | I123: 14 | J123: 100 | K123: 1400 | L123: 1520 | M123: 25 | N123: 1895
G124: JRS | H124: Caporale | I124: 1 | J124: 120 | K124: 120 | M124: 25
A125: 46174 | B125: NETTOYAGE FIN COMPAGNE | C125: PW012 | D125: serr 9 +serr 18 + serr 2 | E125: AIN QLIAA | F125: EQUIPE MOHAMED TAMAA | G125: JRS | H125: ouvrier | I125: 9 | J125: 120 | K125: 1080 | L125: 3100 | M125: 400 | N125: 3500
...

Sheet PW013
C1: Suivi Opération par Ha Pw013
A6: Operation Date | B6: Operation | C6: Serre | D6: PRIX | E6: supr | F6: Trage Transport | G6: EQUPE | H6: type operation | I6: Type Ouvrier | J6: NOTE | L6: Totale PAR DH
A7: 46215 | B7: ECHASSIER DESINSTALLATION FICELLE | C7: 1319 | D7: 800 | E7: {=_xlfn.XLOOKUP(C7,'Feuille 25'!B:B,'Feuille 25'!D:D)} -> 0.8455 | F7: BELAID | H7: HE | I7: ouvrier | J7: ils ont été payés | L7: =0.84*800 -> 672
A8: 46216 | B8: ECHASSIER DESINSTALLATION FICELLE | C8: 1312 | D8: 900 | E8: {=_xlfn.XLOOKUP(C8,'Feuille 25'!B:B,'Feuille 25'!D:D)} -> 1.2013 | F8: BELAID | H8: HE | I8: ouvrier | L8: =1.02*900 -> 918
A9: 46220 | B9: INSTALLATION t-tap +paig | C9: 1343 | D9: 2800 | E9: {=_xlfn.XLOOKUP(C9,'Feuille 25'!B:B,'Feuille 25'!D:D)} -> 1.1295 | F9: BELAID (hafid) | H9: =2800*1.01295 -> 2836.26 | I9: ouvrier | J9: -800 DH | L9: 2362,2
A10: 46221 | B10: INSTALLATION t-tap +paig | C10: 1342 | D10: 2800 | E10: {=_xlfn.XLOOKUP(C10,'Feuille 25'!B:B,'Feuille 25'!D:D)} -> 1.1744 | F10: BELAID (hafid) | H10: HE | I10: ouvrier | J10: ils ont été payés | L10: =SUM(D10*E10) -> 3288.32
A11: 46222 | B11: INSTALLATION t-tap +paig | C11: 1336 | D11: 3200 | E11: {=_xlfn.XLOOKUP(C11,'Feuille 25'!B:B,'Feuille 25'!D:D)} -> 0.9988 | F11: BELAID (mohamed) | H11: HE | I11: ouvrier | J11: ils ont été payés | L11: =SUM(D11*E11) -> 3196.16
A12: 46221 | B12: INSTALLATION t-tap +paig | C12: 1338 | D12: 3200 | E12: {=_xlfn.XLOOKUP(C12,'Feuille 25'!B:B,'Feuille 25'!D:D)} -> 1.0346 | F12: BELAID (mohamed) | H12: HE | I12: ouvrier | J12: ils ont été payés | L12: =SUM(D12*E12) -> 3310.72
A13: 46225 | B13: INSTALLATION t-tap +paig | C13: 1337 | D13: 3000 | E13: {=_xlfn.XLOOKUP(C13,'Feuille 25'!B:B,'Feuille 25'!D:D)} -> 1.0616 | F13: BELAID ( SAID HOUARA ) | H13: HE | I13: ouvrier | J13: ils ont été payés | L13: =SUM(D13*E13) -> 3184.8
A14: 46226 | B14: INSTALLATION t-tap +paig | C14: 1340 | D14: 3200 | E14: {=_xlfn.XLOOKUP(C14,'Feuille 25'!B:B,'Feuille 25'!D:D)} -> 0.7946 | F14: BELAID (mohamed) | H14: HE | I14: ouvrier | J14: ils ont été payés | L14: =SUM(D14*E14) -> 2542.72
A15: 46226 | B15: INSTALLATION t-tap +paig | C15: 1339 | D15: 2000 | E15: {=_xlfn.XLOOKUP(C15,'Feuille 25'!B:B,'Feuille 25'!D:D)} -> 0.8725 | F15: BELAID (SAGHRINI) | H15: HE | I15: ouvrier | L15: =SUM(D15*E15) -> 1745
A16: 46226 | B16: INSTALLATION t-tap +paig | C16: 1334 | D16: 3000 | E16: {=_xlfn.XLOOKUP(C16,'Feuille 25'!B:B,'Feuille 25'!D:D)} -> 1.3712 | F16: BELAID ( SAID BIOUGRA ) | H16: HE | I16: ouvrier | J16: ils ont été payés | L16: =SUM(D16*E16) -> 4113.6
A17: 46227 | B17: INSTALLATION t-tap +paig | C17: 1335 | D17: 3200 | E17: {=_xlfn.XLOOKUP(C17,'Feuille 25'!B:B,'Feuille 25'!D:D)} -> 1.0794 | F17: BELAID (mohamed) | H17: HE | I17: ouvrier | J17: ils ont été payés | L17: =SUM(D17*E17) -> 3454.08
A18: 46227 | B18: INSTALLATION t-tap +paig | C18: 1341 | D18: 2000 | E18: {=_xlfn.XLOOKUP(C18,'Feuille 25'!B:B,'Feuille 25'!D:D)} -> 0.6322 | F18: BELAID (SAGHRINI) | H18: HE | I18: ouvrier | L18: =SUM(D18*E18) -> 1264.4
A19: 46229 | B19: INSTALLATION t-tap +paig | C19: 1305 | D19: 2000 | E19: {=_xlfn.XLOOKUP(C19,'Feuille 25'!B:B,'Feuille 25'!D:D)} -> 1.1496 | F19: BELAID (SAGHRINI) | H19: HE | I19: ouvrier | L19: =SUM(D19*E19) -> 2299.2
A20: 46230 | B20: INSTALLATION t-tap +paig | C20: 1304 | D20: 2000 | E20: {=_xlfn.XLOOKUP(C20,'Feuille 25'!B:B,'Feuille 25'!D:D)} -> 0.607 | F20: BELAID (SAGHRINI) | H20: HE | I20: ouvrier | J20: -200 DH | L20: 1014
A21: 46231 | B21: INSTALLATION t-tap +paig | C21: 1306 | D21: 3200 | E21: {=_xlfn.XLOOKUP(C21,'Feuille 25'!B:B,'Feuille 25'!D:D)} -> 1.0743 | F21: BELAID (mohamed) | H21: HE | I21: ouvrier | J21: ils ont été payés | L21: =SUM(D21*E21) -> 3437.76
A22: 46230 | B22: INSTALLATION t-tap +paig | C22: 1303 | D22: 3200 | E22: {=_xlfn.XLOOKUP(C22,'Feuille 25'!B:B,'Feuille 25'!D:D)} -> 1.5601 | F22: BELAID (mohamed) | H22: HE | I22: ouvrier | J22: ils ont été payés | L22: =SUM(D22*E22) -> 4992.32
A23: 46232 | B23: INSTALLATION t-tap +paig | C23: 1319 | D23: 3200 | E23: {=_xlfn.XLOOKUP(C23,'Feuille 25'!B:B,'Feuille 25'!D:D)} -> 0.8455 | F23: BELAID (mohamed) | H23: HE | I23: ouvrier | J23: ils ont été payés | L23: =SUM(D23*E23) -> 2705.6
A24: 46233 | B24: INSTALLATION t-tap +paig | C24: 1320 | D24: 3200 | E24: {=_xlfn.XLOOKUP(C24,'Feuille 25'!B:B,'Feuille 25'!D:D)} -> 0.9298 | F24: BELAID (mohamed) | H24: HE | I24: ouvrier | J24: ils ont été payés | L24: =SUM(D24*E24) -> 2975.36
A25: 46234 | B25: INSTALLATION t-tap +paig | C25: 1316 | D25: 3200 | E25: {=_xlfn.XLOOKUP(C25,'Feuille 25'!B:B,'Feuille 25'!D:D)} -> 0.692 | F25: BELAID (mohamed) | H25: HE | I25: ouvrier | J25: ils ont été payés | L25: =SUM(D25*E25) -> 2214.4
A26: 46227 | B26: INSTALLATION t-tap +paig | C26: 1301 | D26: 3000 | E26: {=_xlfn.XLOOKUP(C26,'Feuille 25'!B:B,'Feuille 25'!D:D)} -> 0.9726 | F26: BELAID ( SAID BIOUGRA ) | H26: HE | I26: ouvrier | J26: avonce 10,000 dh | L26: =SUM(D26*E26) -> 2917.8
A27: 46228 | B27: INSTALLATION t-tap +paig | C27: 1302 | D27: 3000 | E27: {=_xlfn.XLOOKUP(C27,'Feuille 25'!B:B,'Feuille 25'!D:D)} -> 0.7368 | F27: BELAID ( SAID BIOUGRA ) | H27: HE | I27: ouvrier | L27: =SUM(D27*E27) -> 2210.4
A28: 46230 | B28: INSTALLATION t-tap +paig | C28: 1308 | D28: 3000 | E28: {=_xlfn.XLOOKUP(C28,'Feuille 25'!B:B,'Feuille 25'!D:D)} -> 1.3651 | F28: BELAID ( SAID BIOUGRA ) | H28: HE | I28: ouvrier | L28: =SUM(D28*E28) -> 4095.3
A29: 46230 | B29: INSTALLATION t-tap +paig | C29: 1307 | D29: 3000 | E29: {=_xlfn.XLOOKUP(C29,'Feuille 25'!B:B,'Feuille 25'!D:D)} -> 1.1144 | F29: BELAID ( SAID BIOUGRA ) | H29: HE | I29: ouvrier | L29: =SUM(D29*E29) -> 3343.2
A30: 46231 | B30: INSTALLATION t-tap +paig | C30: 1311 | D30: 3000 | E30: {=_xlfn.XLOOKUP(C30,'Feuille 25'!B:B,'Feuille 25'!D:D)} -> 1.0539 | F30: BELAID ( SAID BIOUGRA ) | H30: HE | I30: ouvrier | L30: =SUM(D30*E30) -> 3161.7
A31: 46232 | B31: INSTALLATION t-tap +paig | C31: 1309 | D31: 3000 | E31: {=_xlfn.XLOOKUP(C31,'Feuille 25'!B:B,'Feuille 25'!D:D)} -> 0.9832 | F31: BELAID ( SAID BIOUGRA ) | H31: HE | I31: ouvrier | L31: =SUM(D31*E31) -> 2949.6
A32: 46231 | B32: INSTALLATION t-tap +paig | C32: 1310 | D32: 3000 | E32: {=_xlfn.XLOOKUP(C32,'Feuille 25'!B:B,'Feuille 25'!D:D)} -> 1.0502 | F32: BELAID ( SAID BIOUGRA ) | H32: HE | I32: ouvrier | L32: =SUM(D32*E32) -> 3150.6
A33: 46232 | B33: INSTALLATION t-tap +paig | C33: 1317 | D33: 3000 | E33: {=_xlfn.XLOOKUP(C33,'Feuille 25'!B:B,'Feuille 25'!D:D)} -> 0.5035 | F33: BELAID ( SAID BIOUGRA ) | H33: HE | I33: ouvrier | L33: =SUM(D33*E33) -> 1510.5
A34: 46232 | B34: INSTALLATION t-tap +paig | C34: 1313 | D34: 3200 | E34: {=_xlfn.XLOOKUP(C34,'Feuille 25'!B:B,'Feuille 25'!D:D)} -> 1.0426 | F34: belaid (SOUFIYANE) | H34: HE | I34: ouvrier | J34: ils ont été payés | L34: =SUM(D34*E34) -> 3336.32
A35: 46233 | B35: INSTALLATION t-tap +paig | C35: 1315 | D35: 3200 | E35: {=_xlfn.XLOOKUP(C35,'Feuille 25'!B:B,'Feuille 25'!D:D)} -> 0.9943 | F35: belaid (SOUFIYANE) | H35: HE | I35: ouvrier | J35: ils ont été payés | L35: =SUM(D35*E35) -> 3181.76
A36: 46235 | B36: INSTALLATION t-tap +paig | C36: 1318 | D36: 3200 | E36: {=_xlfn.XLOOKUP(C36,'Feuille 25'!B:B,'Feuille 25'!D:D)} -> 0.9924 | F36: belaid (SOUFIYANE) | H36: HE | I36: ouvrier | J36: ils ont été payés | L36: =SUM(D36*E36) -> 3175.68
A38: 46235 | B38: INSTALLATION t-tap +paig | C38: 1321 | D38: 3000 | E38: {=_xlfn.XLOOKUP(C38,'Feuille 25'!B:B,'Feuille 25'!D:D)} -> 0.9843 | F38: BELAID ( SAID BIOUGRA ) | H38: HE | I38: ouvrier | J38: ils ont été payés | L38: =SUM(D38*E38) -> 2952.9
A39: 46235 | B39: INSTALLATION t-tap +paig | C39: 1322 | D39: 3200 | E39: {=_xlfn.XLOOKUP(C39,'Feuille 25'!B:B,'Feuille 25'!D:D)} -> 0.9821 | F39: BELAID (mohamed) | H39: HE | I39: ouvrier | J39: ils ont été payés | L39: =SUM(D39*E39) -> 3142.72
A40: 46236 | B40: INSTALLATION t-tap +paig | C40: 1323 | D40: 3000 | E40: {=_xlfn.XLOOKUP(C40,'Feuille 25'!B:B,'Feuille 25'!D:D)} -> 0.9911 | F40: BELAID ( SAID BIOUGRA ) | H40: HE | I40: ouvrier | J40: ils ont été payés | L40: =SUM(D40*E40) -> 2973.3
A41: 46237 | B41: INSTALLATION t-tap +paig | C41: 1324 | D41: 3200 | E41: {=_xlfn.XLOOKUP(C41,'Feuille 25'!B:B,'Feuille 25'!D:D)} -> 0.9766 | F41: belaid (SOUFIYANE) | H41: HE | I41: ouvrier | J41: ils ont été payés | L41: =SUM(D41*E41) -> 3125.12
A42: 46237 | B42: INSTALLATION t-tap +paig | C42: 1325 | D42: 3000 | E42: {=_xlfn.XLOOKUP(C42,'Feuille 25'!B:B,'Feuille 25'!D:D)} -> 1.2715 | F42: BELAID ( SAID BIOUGRA ) | H42: HE | I42: ouvrier | J42: ils ont été payés | L42: =SUM(D42*E42) -> 3814.5
A43: 46238 | B43: INSTALLATION t-tap +paig | C43: 1326 | D43: 3200 | E43: {=_xlfn.XLOOKUP(C43,'Feuille 25'!B:B,'Feuille 25'!D:D)} -> 1.2864 | F43: BELAID (mohamed) | H43: HE | I43: ouvrier | J43: ils ont été payés | L43: =SUM(D43*E43) -> 4116.48
A44: 46239 | B44: INSTALLATION t-tap +paig | C44: 1327 | D44: 3200 | E44: {=_xlfn.XLOOKUP(C44,'Feuille 25'!B:B,'Feuille 25'!D:D)} -> 1.2473 | F44: belaid (SOUFIYANE) | H44: HE | I44: ouvrier | J44: ils ont été payés | L44: =SUM(D44*E44) -> 3991.36
A45: 46239 | B45: INSTALLATION t-tap +paig | C45: 1328 | D45: 3000 | E45: {=_xlfn.XLOOKUP(C45,'Feuille 25'!B:B,'Feuille 25'!D:D)} -> 0.6412 | F45: BELAID ( SAID BIOUGRA ) | H45: HE | I45: ouvrier | J45: ils ont été payés | L45: =SUM(D45*E45) -> 1923.6
A46: 46239 | B46: INSTALLATION t-tap +paig | C46: 1330 | D46: 3200 | E46: {=_xlfn.XLOOKUP(C46,'Feuille 25'!B:B,'Feuille 25'!D:D)} -> 0.9004 | F46: BELAID (mohamed) | H46: HE | I46: ouvrier | J46: ils ont été payés | L46: =SUM(D46*E46) -> 2881.28
A47: 46239 | B47: INSTALLATION t-tap +paig | C47: 1331 | D47: 3000 | E47: {=_xlfn.XLOOKUP(C47,'Feuille 25'!B:B,'Feuille 25'!D:D)} -> 1.3457 | F47: BELAID ( SAID BIOUGRA ) | H47: HE | I47: ouvrier | J47: ils ont été payés | L47: =SUM(D47*E47) -> 4037.1
A48: 46240 | B48: INSTALLATION t-tap +paig | C48: 1329 | D48: 3200 | E48: {=_xlfn.XLOOKUP(C48,'Feuille 25'!B:B,'Feuille 25'!D:D)} -> 0.778 | F48: belaid (SOUFIYANE) | H48: HE | I48: ouvrier | J48: ils ont été payés | L48: =SUM(D48*E48) -> 2489.6
A49: 46240 | B49: INSTALLATION t-tap +paig | C49: 1332 | D49: 3000 | E49: {=_xlfn.XLOOKUP(C49,'Feuille 25'!B:B,'Feuille 25'!D:D)} -> 0.8637 | F49: BELAID ( SAID BIOUGRA ) | H49: HE | I49: ouvrier | J49: ils ont été payés | L49: =SUM(D49*E49) -> 2591.1
A50: 46240 | B50: INSTALLATION t-tap +paig | C50: 1333 | D50: 3200 | E50: {=_xlfn.XLOOKUP(C50,'Feuille 25'!B:B,'Feuille 25'!D:D)} -> 0.5622 | F50: BELAID (mohamed) | H50: HE | I50: ouvrier | J50: ils ont été payés | L50: =SUM(D50*E50) -> 1799.04
A51: 46241 | B51: INSTALLATION t-tap +paig | C51: 1344 | D51: 3200 | E51: {=_xlfn.XLOOKUP(C51,'Feuille 25'!B:B,'Feuille 25'!D:D)} -> 1.1751 | F51: BELAID (mohamed) | H51: HE | I51: ouvrier | J51: ils ont été payés | L51: =SUM(D51*E51) -> 3760.32
A52: 46240 | B52: INSTALLATION t-tap +paig | C52: 1349 | D52: 3200 | E52: {=_xlfn.XLOOKUP(C52,'Feuille 25'!B:B,'Feuille 25'!D:D)} -> 0.9581 | F52: BELAID (mohamed) | H52: HE | I52: ouvrier | J52: ils ont été payés | L52: =SUM(D52*E52) -> 3065.92
A53: 46241 | B53: INSTALLATION t-tap +paig | C53: 1346 | D53: 3200 | E53: {=_xlfn.XLOOKUP(C53,'Feuille 25'!B:B,'Feuille 25'!D:D)} -> 1.1184 | F53: belaid (SOUFIYANE) | H53: HE | I53: ouvrier | J53: ils ont été payés | L53: =SUM(D53*E53) -> 3578.88
... A67: 46248 | B67: INSTALLATION t-tap +paig | C67: 1361 | D67: 3200 | E67: {=_xlfn.XLOOKUP(C67,'Feuille 25'!B:B,'Feuille 25'!D:D)} -> 1.0157 | F67: belaid (SOUFIYANE) | H67: HE | I67: ouvrier | J67: ils ont été payés | L67: =SUM(D67*E67) -> 3250.24
A68: 46249 | B68: INSTALLATION t-tap +paig | C68: 1357 | D68: 3200 | E68: 1.0285 | F68: BELAID (mohamed) | H68: HE | I68: ouvrier | J68: ils ont été payés | L68: =SUM(D68*E68) -> 3291.2
A69: 46251 | B69: INSTALLATION t-tap +paig | C69: 1314 | D69: 3200 | E69: 1.0289 | F69: BELAID (mohamed) | H69: HE | I69: ouvrier | J69: ils ont été payés | L69: =SUM(D69*E69) -> 3292.48
A70: 46252 | B70: INSTALLATION t-tap +paig | C70: 1356 | D70: 3200 | E70: 1.0277 | F70: BELAID (mohamed) | H70: HE | I70: ouvrier | J70: ils ont été payés | L70: =SUM(D70*E70) -> 3288.64
A71: 46253 | B71: INSTALLATION t-tap +paig | C71: 1360 | D71: 3200 | E71: 1.0311 | F71: BELAID (mohamed) | H71: HE | I71: ouvrier | J71: ils ont été payés | L71: =SUM(D71*E71) -> 3299.52
A72: 46253 | B72: INSTALLATION t-tap +paig | C72: 1352 | D72: 3200 | E72: 0.8763 | F72: BELAID (mohamed) | H72: HE | I72: ouvrier | J72: ils ont été payés | L72: =SUM(D72*E72) -> 2804.16
B73: INSTALLATION t-tap +paig | C73: 1312 | D73: 3200 | E73: 1.2013 | F73: BELAID (mohamed) | H73: HE | I73: ouvrier | J73: ils ont été payés | L73: =SUM(D73*E73) -> 3844.16
B74: TOTAL | L74: =SUM(L7:L73) -> 195481.08
B75: CHEF DOMAINE | J75: AGENT RH

Sheet Feuille 25
A1: Ferme | B1: Nom | C1: Parent | D1: Superficie (h)
A2: PW013 | B2: 1301 | C2: S1A PW013 | D2: 0.9726
A3: PW013 | B3: 1302 | C3: S1A PW013 | D3: 0.7368
A4: PW013 | B4: 1303 | C4: S1A PW013 | D4: 1.5601
A5: PW013 | B5: 1304 | C5: S1A PW013 | D5: 0.607
A6: PW013 | B6: 1305 | C6: S1A PW013 | D6: 1.1496
A7: PW013 | B7: 1306 | C7: S1A PW013 | D7: 1.0743
A8: PW013 | B8: 1309 | C8: S1A PW013 | D8: 0.9832
A9: PW013 | B9: 1308 | C9: S1A PW013 | D9: 1.3651
A10: PW013 | B10: 1310 | C10: S1A PW013 | D10: 1.0502
A11: PW013 | B11: 1311 | C11: S1B PW013 | D11: 1.0539
A12: PW013 | B12: 1307 | C12: S1A PW013 | D12: 1.1144
A13: PW013 | B13: 1312 | C13: S1B PW013 | D13: 1.2013
... A65: PW013 | B65: 1364 | C65: S5 PW013 | D65: 0.7251

Sheet PW115
C1: Suivi Opération Pw115
A5: Operation Date | B5: Operation | C5: Serre | D5: Sup | E5: Trage Transport | F5: EQUPE | G5: type operation | H5: Type Ouvrier | I5: Nb Ouvrier | J5: Prix/Ouvrier | K5: Total | L5: prix/trage | M5: Prix Transport | N5: TOTAL GENERAL
A6: 46153 | B6: RECOLTE | C6: PW115 | E6: biougra | F6: belaid (omar) | G6: JRS | H6: ouvrier | I6: 20 | J6: 100 | K6: =J6*I6 -> 2000 | L6: 25 | M6: =(I6+I7+I8)*25 -> 850 | N6: =K6+K7+K8+M6 -> 4270
B7: AUTRES TRAVAUX | C7: PW115 | G7: JRS | H7: Caporale | I7: 1 | J7: 120 | K7: =J7*I7 -> 120 | L7: 25
A8: 46154 | B8: RECOLTE | C8: PW115 | E8: biougra | F8: belaid (omar) | G8: JRS | H8: ouvrier | I8: 13 | J8: 100 | K8: =J8*I8 -> 1300 | L8: 25
B9: AUTRES TRAVAUX | C9: PW115 | G9: JRS | H9: Caporale | I9: 1 | J9: 120 | K9: =J9*I9 -> 120 | L9: 25 | M9: =(I9+I10+I11)*25 -> 425 | N9: =K9+K10+K11+M9 -> 2165
A10: 46155 | B10: RECOLTE | C10: PW115 | E10: biougra | F10: belaid (omar) | G10: JRS | H10: ouvrier | I10: 15 | J10: 100 | K10: =J10*I10 -> 1500 | L10: 25
B11: AUTRES TRAVAUX | C11: PW115 | G11: JRS | H11: Caporale | I11: 1 | J11: 120 | K11: =J11*I11 -> 120 | L11: 25
A12: 46156 | B12: RECOLTE | C12: PW115 | E12: biougra | F12: belaid (omar) | G12: JRS | H12: ouvrier | I12: 21 | J12: 100 | K12: =J12*I12 -> 2100 | L12: 25 | M12: =(I12+I13+I14)*25 -> 875 | N12: =K12+K13+K14+M12 -> 4395
B13: AUTRES TRAVAUX | C13: PW115 | G13: JRS | H13: Caporale | I13: 1 | J13: 120 | K13: =J13*I13 -> 120 | L13: 25
A14: 46157 | B14: RECOLTE | C14: PW115 | E14: biougra | F14: belaid (omar) | G14: JRS | H14: ouvrier | I14: 13 | J14: 100 | K14: =J14*I14 -> 1300 | L14: 25
B15: AUTRES TRAVAUX | C15: PW115 | G15: JRS | H15: Caporale | I15: 1 | J15: 120 | K15: =J15*I15 -> 120 | L15: 25 | M15: =(I15+I16+I17)*25 -> 450 | N15: =K15+K16+K17+M15 -> 2290
A16: 46158 | B16: RECOLTE | C16: PW115 | E16: biougra | F16: belaid (omar) | G16: JRS | H16: ouvrier | I16: 16 | J16: 100 | K16: =J16*I16 -> 1600 | L16: 25
B17: AUTRES TRAVAUX | C17: PW115 | G17: JRS | H17: Caporale | I17: 1 | J17: 120 | K17: =J17*I17 -> 120 | L17: 25
A18: 46160 | B18: RECOLTE | C18: PW115 | E18: biougra | F18: belaid (omar) | G18: JRS | H18: ouvrier | I18: 12 | J18: 100 | K18: =J18*I18 -> 1200 | L18: 25 | M18: =(I18+I19+I20)*25 -> 375 | N18: =K18+K19+K20+M18 -> 1895
B19: AUTRES TRAVAUX | G19: JRS | H19: Caporale | I19: 1 | J19: 120 | K19: =J19*I19 -> 120 | L19: 25
B20: CHARGE/DECHARGE | C20: PW115 | G20: JRS | H20: ouvrier | I20: 2 | J20: 100 | K20: =J20*I20 -> 200 | L20: 25
A21: 46161 | B21: RECOLTE | C21: PW115 | E21: biougra | F21: belaid (omar) | G21: JRS | H21: ouvrier | I21: 13 | J21: 100 | K21: =J21*I21 -> 1300 | L21: 25 | M21: =(I21+I22+I23)*25 -> 400 | N21: =K21+K22+K23+M21 -> 2020
B22: CHARGE/DECHARGE | C22: PW115 | G22: JRS | H22: ouvrier | I22: 2 | J22: 100 | K22: =J22*I22 -> 200 | L22: 25
B23: AUTRES TRAVAUX | C23: PW115 | G23: JRS | H23: Caporale | I23: 1 | J23: 120 | K23: =J23*I23 -> 120 | L23: 25
A24: 46161 | B24: RECOLTE | C24: PW115 | E24: biougra | F24: belaid (omar) | G24: JRS | H24: ouvrier | I24: 12 | J24: 100 | K24: =J24*I24 -> 1200 | L24: 25 | M24: =(I24+I25+I26)*25 -> 375 | N24: =K24+K25+K26+M24 -> 1895
B25: CHARGE/DECHARGE | C25: PW115 | G25: JRS | H25: ouvrier | I25: 2 | J25: 100 | K25: =J25*I25 -> 200 | L25: 25
B26: AUTRES TRAVAUX | C26: PW115 | G26: JRS | H26: Caporale | I26: 1 | J26: 120 | K26: =J26*I26 -> 120 | L26: 25
A27: 46161 | B27: RECOLTE | C27: PW115 | E27: biougra | F27: belaid (omar) | G27: JRS | H27: ouvrier | I27: 13 | J27: 100 | K27: =J27*I27 -> 1300 | L27: 25 | M27: =(I27+I28+I29)*25 -> 375 | N27: =K27+K28+K29+M27 -> 1895
B28: CHARGE/DECHARGE | C28: PW115 | G28: JRS | H28: ouvrier | I28: 1 | J28: 100 | K28: =J28*I28 -> 100 | L28: 25
B29: AUTRES TRAVAUX | C29: PW115 | G29: JRS | H29: Caporale | I29: 1 | J29: 120 | K29: =J29*I29 -> 120 | L29: 25
A30: 46164 | B30: RECOLTE | C30: PW115 | E30: biougra | F30: belaid (omar) | G30: JRS | H30: ouvrier | I30: 14 | J30: 100 | K30: =J30*I30 -> 1400 | L30: 25 | M30: =(I30+I31+I32)*25 -> 400 | N30: =K30+K31+K32+M30 -> 2020
B31: CHARGE/DECHARGE | C31: PW115 | G31: JRS | H31: ouvrier | I31: 1 | J31: 100 | K31: =J31*I31 -> 100 | L31: 25
B32: AUTRES TRAVAUX | C32: PW115 | G32: JRS | H32: Caporale | I32: 1 | J32: 120 | K32: =J32*I32 -> 120 | L32: 25
A33: 46165 | B33: RECOLTE | C33: PW115 | E33: biougra | F33: belaid (omar) | G33: JRS | H33: ouvrier | I33: 16 | J33: 100 | K33: =J33*I33 -> 1600 | L33: 25 | M33: =(I33+I34+I35)*25 -> 450 | N33: =K33+K34+K35+M33 -> 2270
B34: CHARGE/DECHARGE | C34: PW115 | G34: JRS | H34: ouvrier | I34: 1 | J34: 100 | K34: =J34*I34 -> 100 | L34: 25
B35: AUTRES TRAVAUX | C35: PW115 | G35: JRS | H35: Caporale | I35: 1 | J35: 120 | K35: =J35*I35 -> 120 | L35: 25
B36: RECOLTE | C36: PW115 | F36: YASSINE+driss | G36: JRS | H36: ouvrier | I36: 11 | J36: 100 | K36: =I36*J36 -> 1100 | M36: =(I36+I37+I38)*25 -> 325 | N36: =K36+K37+K38+M36 -> 1645
B37: CHARGE/DECHARGE | C37: PW115 | G37: JRS | H37: ouvrier | I37: 1 | J37: 100 | K37: =I37*J37 -> 100
B38: AUTRES TRAVAUX | C38: PW115 | G38: JRS | H38: Caporale | I38: 1 | J38: 120 | K38: =I38*J38 -> 120
A39: 46167 | B39: RECOLTE | C39: PW115 | E39: biougra | F39: belaid (omar) | G39: JRS | H39: ouvrier | I39: 10 | J39: 100 | K39: =I39*J39 -> 1000 | L39: 25 | M39: =(I39+I40+I41)*25 -> 300 | N39: =K39+K40+K41+M39 -> 1520
B40: CHARGE/DECHARGE | C40: PW115 | G40: JRS | H40: ouvrier | I40: 1 | J40: 100 | K40: =I40*J40 -> 100 | L40: 25
B41: AUTRES TRAVAUX | C41: PW115 | G41: JRS | H41: Caporale | I41: 1 | J41: 120 | K41: =I41*J41 -> 120 | L41: 25
A42: 46172 | B42: RECOLTE | C42: PW115 | E42: AIN QLIAA | F42: EQUIPE MOHAMED TAMAA ( BALEID ) | G42: JRS | H42: ouvrier | I42: 9 | J42: 100 | K42: =I42*J42 -> 900 | L42: 25 | M42: =(I42+I43+I44)*25 -> 275 | N42: 1595
B43: CHARGE/DECHARGE | C43: PW115 | G43: JRS | H43: ouvrier | I43: 1 | J43: 100 | K43: =I43*J43 -> 100 | L43: 25
B44: AUTRES TRAVAUX | C44: PW115 | G44: JRS | H44: Caporale | I44: 1 | J44: 120 | K44: =I44*J44 -> 120 | L44: 25
B45: CHARGE/DECHARGE | C45: PW115 | E45: biougra | F45: lmansouri | G45: JRS | H45: ouvrier | I45: 2 | J45: 100 | K45: 200 | L45: 0
A46: 46174 | B46: RECOLTE | C46: PW115 | E46: BIOUGRA | F46: belaid (omar) | G46: JRS | H46: ouvrier | I46: 6 | J46: 104 | K46: =I46*J46 -> 624 | L46: 25 | M46: =(I46+I47)*25 -> 175 | N46: 903
B47: CHARGE/DECHARGE | C47: PW115 | G47: JRS | H47: ouvrier | I47: 1 | J47: 104 | K47: =I47*J47 -> 104 | L47: 25
A48: 46175 | B48: RECOLTE | C48: PW115 | E48: BIOUGRA | F48: belaid (omar) | G48: JRS | H48: ouvrier | I48: 7 | J48: 100 | K48: =I48*J48 -> 700 | L48: 25 | M48: =(I48+I49)*25 -> 200 | N48: 1000
B49: CHARGE/DECHARGE | C49: PW115 | G49: JRS | H49: ouvrier | I49: 1 | J49: 100 | K49: =I49*J49 -> 100 | L49: 25
A50: 46176 | B50: RECOLTE | C50: PW115 | E50: BIOUGRA | F50: belaid (omar) | G50: JRS | H50: ouvrier | I50: 12 | J50: 100 | K50: =I50*J50 -> 1200 | L50: 25 | M50: =(I50+I51+I52)*25 -> 350 | N50: 1870
B51: CHARGE/DECHARGE | C51: PW115 | G51: JRS | H51: ouvrier | I51: 1 | J51: 100 | K51: =I51*J51 -> 100 | L51: 25
B52: AUTRES TRAVAUX | C52: PW115 | G52: JRS | H52: Caporale | I52: 1 | J52: 120 | K52: =I52*J52 -> 120 | L52: 25
B53: CHARGE/DECHARGE | C53: PW115 | F53: MANSSOURI | G53: JRS | H53: ouvrier | I53: 2 | J53: 25 | K53: =I53*J53 -> 50 | L53: 0
A54: 46177 | B54: RECOLTE | C54: PW115 | E54: BIOUGRA | F54: belaid (omar) | G54: JRS | H54: ouvrier | I54: 15 | J54: 100 | K54: =I54*J54 -> 1500 | L54: 25 | M54: =(I54+I55+I56)*25 -> 425 | N54: =K54+K55+K56+M54 -> 2145
B55: CHARGE/DECHARGE | C55: PW115 | G55: JRS | H55: ouvrier | I55: 1 | J55: 100 | K55: =I55*J55 -> 100 | L55: 25
B56: AUTRES TRAVAUX | C56: PW115 | G56: JRS | H56: Caporale | I56: 1 | J56: 120 | K56: =I56*J56 -> 120 | L56: 25
B57: RECOLTE | C57: PW115 | E57: AIN QLIAA | F57: EQUIPE MOHAMED TAMAA ( BALEID ) | G57: JRS | H57: ouvrier | I57: 22 | J57: 100 | K57: =I57*J57 -> 2200 | L57: 25 | M57: =(I57+I58+I59+I60)*25 -> 675 | N57: =K57+K58+K59+M57 -> 3095
B58: CHARGE/DECHARGE | C58: PW115 | G58: JRS | H58: ouvrier | I58: 1 | J58: 100 | K58: =I58*J58 -> 100 | L58: 25
B59: AUTRES TRAVAUX | C59: PW115 | G59: JRS | H59: Caporale | I59: 1 | J59: 120 | K59: =I59*J59 -> 120 | L59: 25
B60: CHARGE/DECHARGE | C60: PW115 | F60: MANSSOURI | G60: JRS | H60: ouvrier | I60: 3 | J60: 50 | K60: =I60*J60 -> 150 | L60: 0
A61: 46178 | B61: RECOLTE | C61: PW115 | E61: AIN QLIAA | F61: belaid (omar) | G61: JRS | H61: ouvrier | I61: 15 | J61: 100 | K61: =I61*J61 -> 1500 | L61: 25 | M61: =(I61+I62+I63)*25 -> 425 | N61: =K61+K62+K63+M61+K64 -> 2195
B62: CHARGE/DECHARGE | C62: PW115 | G62: JRS | H62: ouvrier | I62: 1 | J62: 100 | K62: =I62*J62 -> 100 | L62: 25
B63: AUTRES TRAVAUX | C63: PW115 | G63: JRS | H63: Caporale | I63: 1 | J63: 120 | K63: =I63*J63 -> 120 | L63: 25
B64: CHARGE/DECHARGE | C64: PW115 | F64: MANSSOURI | G64: JRS | H64: ouvrier | I64: 2 | J64: 25 | K64: =I64*J64 -> 50 | L64: 0
A65: 46179 | B65: RECOLTE | C65: PW115 | E65: AIN QLIAA | F65: belaid (omar) | G65: JRS | H65: ouvrier | I65: 18 | J65: 100 | K65: =I65*J65 -> 1800 | L65: 25 | M65: =(I65+I66+I67)*25 -> 500 | N65: =K65+K66+K67+M65+K68 -> 2590
B66: CHARGE/DECHARGE | C66: PW115 | G66: JRS | H66: ouvrier | I66: 1 | J66: 100 | K66: =I66*J66 -> 100 | L66: 25
B67: AUTRES TRAVAUX | C67: PW115 | G67: JRS | H67: Caporale | I67: 1 | J67: 120 | K67: =I67*J67 -> 120 | L67: 25
B68: CHARGE/DECHARGE | C68: PW115 | F68: MANSSOURI | G68: JRS | H68: ouvrier | I68: 3 | J68: 25 | K68: 70 | L68: 0
A69: 46181 | B69: RECOLTE | C69: PW115 | E69: BIOUGRA | F69: belaid (omar) | G69: JRS | H69: ouvrier | I69: 17 | J69: 100 | K69: =I69*J69 -> 1700 | L69: 25 | M69: =(I69+I70+I71)*25 -> 500 | N69: =K69+K70+K71+M69+K72 -> 3920
B70: CHARGE/DECHARGE | G70: JRS | H70: ouvrier | I70: 2 | J70: 100 | K70: =I70*J70 -> 200 | L70: 25
B71: AUTRES TRAVAUX | G71: JRS | H71: Caporale | I71: 1 | J71: 120 | K71: =I71*J71 -> 120 | L71: 25
A72: 46183 | B72: RECOLTE | C72: PW115 | E72: BIOUGRA | F72: belaid (omar) | G72: JRS | H72: ouvrier | I72: 14 | J72: 100 | K72: =I72*J72 -> 1400 | L72: 25 | M72: =(I72+I73+I74)*25 -> 425 | N72: =K72+K73+K74+M72+K75 -> 2195
B73: CHARGE/DECHARGE | G73: JRS | H73: ouvrier | I73: 2 | J73: 100 | K73: =I73*J73 -> 200 | L73: 25
B74: AUTRES TRAVAUX | G74: JRS | H74: Caporale | I74: 1 | J74: 120 | K74: =I74*J74 -> 120 | L74: 25
B75: CHARGE/DECHARGE | C75: PW115 | F75: MANSSOURI | G75: JRS | H75: ouvrier | I75: 2 | J75: 25 | K75: 50 | L75: 0
A76: 46184 | B76: RECOLTE | C76: PW115 | E76: BIOUGRA | F76: belaid (omar) | G76: JRS | H76: ouvrier | I76: 15 | J76: 100 | K76: =I76*J76 -> 1500 | L76: 25 | M76: =(I76+I77+I78)*25 -> 450 | N76: =K76+K77+K78+M76+K79 -> 2330
B77: CHARGE/DECHARGE | G77: JRS | H77: ouvrier | I77: 2 | J77: 100 | K77: =I77*J77 -> 200 | L77: 25
B78: AUTRES TRAVAUX | G78: JRS | H78: Caporale | I78: 1 | J78: 120 | K78: =I78*J78 -> 120 | L78: 25
B79: CHARGE/DECHARGE | C79: PW115 | F79: MANSSOURI | G79: JRS | H79: ouvrier | I79: 2 | J79: 30 | K79: =J79*I79 -> 60 | L79: 0
A80: 46185 | B80: RECOLTE | C80: PW115 | E80: BIOUGRA | F80: belaid (omar) | G80: JRS | H80: ouvrier | I80: 15 | J80: 100 | K80: =I80*J80 -> 1500 | L80: 25 | M80: =(I80+I81+I82)*25 -> 450 | N80: =K80+K81+K82+M80+K83 -> 2320
B81: CHARGE/DECHARGE | G81: JRS | H81: ouvrier | I81: 2 | J81: 100 | K81: =I81*J81 -> 200 | L81: 25
B82: AUTRES TRAVAUX | G82: JRS | H82: Caporale | I82: 1 | J82: 120 | K82: =I82*J82 -> 120 | L82: 25
B83: CHARGE/DECHARGE | C83: PW115 | F83: MANSSOURI | G83: JRS | H83: ouvrier | I83: 2 | J83: 25 | K83: =I83*J83 -> 50 | L83: 0
A84: 46186 | B84: RECOLTE | C84: PW115 | E84: BIOUGRA | F84: belaid (omar) | G84: JRS | H84: ouvrier | I84: 19 | J84: 100 | K84: =I84*J84 -> 1900 | L84: 25 | M84: =(I84+I85+I86)*25 -> 550 | N84: =K84+K85+K86+M84+K87 -> 2830
B85: CHARGE/DECHARGE | G85: JRS | H85: ouvrier | I85: 2 | J85: 100 | K85: =I85*J85 -> 200 | L85: 25
B86: AUTRES TRAVAUX | G86: JRS | H86: Caporale | I86: 1 | J86: 120 | K86: =I86*J86 -> 120 | L86: 25
B87: CHARGE/DECHARGE | C87: PW115 | F87: MANSSOURI | G87: JRS | H87: ouvrier | I87: 2 | J87: 30 | K87: =I87*J87 -> 60 | L87: 0
A88: 46188 | B88: RECOLTE | C88: PW115 | E88: BIOUGRA | F88: belaid (omar) | G88: JRS | H88: ouvrier | I88: 17 | J88: 100 | K88: =I88*J88 -> 1700 | L88: 25 | M88: =(I88+I89+I90)*25 -> 500 | N88: =K88+K89+K90+M88+K91 -> 4220
B89: CHARGE/DECHARGE | H89: ouvrier | I89: 2 | J89: 100 | K89: =I89*J89 -> 200 | L89: 25
B90: AUTRES TRAVAUX | H90: Caporale | I90: 1 | J90: 120 | K90: =I90*J90 -> 120 | L90: 25
A91: 46189 | B91: RECOLTE | C91: PW115 | E91: BIOUGRA | F91: belaid (omar) | G91: JRS | H91: ouvrier | I91: 17 | J91: 100 | K91: =I91*J91 -> 1700 | L91: 25 | M91: =(I91+I92+I93)*25 -> 500 | N91: =K91+K92+K93+M91+K94 -> 4220
B92: CHARGE/DECHARGE | H92: ouvrier | I92: 2 | J92: 100 | K92: =I92*J92 -> 200 | L92: 25
B93: AUTRES TRAVAUX | H93: Caporale | I93: 1 | J93: 120 | K93: =I93*J93 -> 120 | L93: 25
A94: 46190 | B94: RECOLTE | C94: PW115 | E94: BIOUGRA | F94: belaid (omar) | G94: JRS | H94: ouvrier | I94: 17 | J94: 100 | K94: =I94*J94 -> 1700 | L94: 25 | M94: =(I94+I95+I96)*25 -> 500 | N94: =K94+K95+K96+M94+K97 -> 2580
B95: CHARGE/DECHARGE | H95: ouvrier | I95: 2 | J95: 100 | K95: =I95*J95 -> 200 | L95: 25
B96: AUTRES TRAVAUX | H96: Caporale | I96: 1 | J96: 120 | K96: =I96*J96 -> 120 | L96: 25
B97: CHARGE/DECHARGE | C97: PW115 | F97: MANSSOURI | G97: JRS | H97: ouvrier | I97: 2 | J97: 30 | K97: =I97*J97 -> 60 | L97: 0
A98: 46191 | B98: RECOLTE | C98: PW115 | E98: BIOUGRA | F98: belaid (omar) | G98: JRS | H98: ouvrier | I98: 16 | J98: 100 | K98: =I98*J98 -> 1600 | L98: 25 | M98: =(I98+I99+I100)*25 -> 475 | N98: =K98+K99+K100+M98+K101 -> 2455
B99: CHARGE/DECHARGE | H99: ouvrier | I99: 2 | J99: 100 | K99: =I99*J99 -> 200 | L99: 25
B100: AUTRES TRAVAUX | H100: Caporale | I100: 1 | J100: 120 | K100: =I100*J100 -> 120 | L100: 25
B101: CHARGE/DECHARGE | C101: PW115 | F101: MANSSOURI | G101: JRS | H101: ouvrier | I101: 2 | J101: 30 | K101: =I101*J101 -> 60 | L101: 0
A102: 46192 | B102: RECOLTE | C102: PW115 | E102: BIOUGRA | F102: belaid (omar) | G102: JRS | H102: ouvrier | I102: 18 | J102: 100 | K102: =I102*J102 -> 1800 | L102: 25 | M102: =(I102+I103+I104)*25 -> 525 | N102: =K102+K103+K104+M102+K105 -> 2695
B103: CHARGE/DECHARGE | H103: ouvrier | I103: 2 | J103: 100 | K103: =I103*J103 -> 200 | L103: 25
...
